Warehouse_block,Mode_of_Shipment,Customer_care_calls,Customer_rating,Cost_of_the_Product,Prior_purchases,Product_importance,Gender,Discount_offered,Weight_in_gms
D,Road,6,4,455.20923260709213,5,high,F,30,3738.699889431105
F,Flight,4,5,162.77461228695176,9,critical,F,42,3851.8064586174846
B,Flight,3,3,87.15069385212576,9,medium,M,27,4068.1228501406517
F,Ship,2,5,67.41816640969402,9,medium,M,32,5727.552042620682
B,Road,5,3,65.91181230958018,5,medium,M,42,2126.0299243175546
F,Ship,2,1,103.90590021081232,7,high,F,28,3509.4291651141343
B,Flight,4,4,257.17090142765187,3,low,F,42,2776.8611855905765
F,Flight,2,3,345.79137529552565,2,medium,F,36,4824.451800227485
A,Road,2,3,9.022502734632882,6,critical,F,15,3655.678798230003
A,Flight,6,5,163.24453841921897,2,high,M,56,4651.711076596913
D,Flight,5,4,288.9601073932755,8,low,F,48,5572.155479902715
F,Road,4,4,320.368688391161,8,low,F,27,4795.18686164152
C,Flight,5,5,377.14627540883083,4,low,M,30,3203.6255249104906
D,Ship,3,3,226.67952165293633,6,high,M,5,3053.9701736490388
A,Ship,2,4,103.6131403256168,5,low,F,50,5222.798635970556
B,Ship,4,2,211.8593262610052,9,critical,F,1,3624.0642800864207
C,Flight,4,4,78.10134139334578,2,low,M,49,2731.308023156827
C,Ship,5,1,195.7699736126066,5,low,F,24,5302.340744853762
C,Road,3,4,832.9256802235301,5,critical,F,16,2420.6343006369984
A,Ship,2,4,426.3717319249737,3,medium,F,9,4739.409488616462
D,Road,5,5,203.16877883192097,6,high,M,55,5816.606163555472
A,Ship,6,2,71.99548073049954,9,medium,M,24,4503.2602265255055
D,Ship,6,2,19.455781494738513,7,critical,F,8,3302.170711746102
D,Ship,2,1,347.3790995997757,2,high,F,2,2984.371745281754
A,Flight,4,1,432.28828584461525,2,medium,M,31,5034.109990503601
C,Road,2,5,104.415482246112,9,critical,F,50,5861.257373980528
A,Flight,6,4,181.07293195084955,3,critical,M,58,4029.2689839048267
B,Road,5,3,283.55018248847136,7,low,F,36,3272.9004598240354
D,Road,2,1,310.43043968285804,5,high,M,46,4254.31562655371
C,Ship,6,5,82.37277089659317,9,critical,F,43,3632.2976737822128
B,Ship,2,5,111.23224015208109,7,critical,F,33,6238.353161770861
F,Ship,6,5,493.90193219587024,5,medium,M,22,2179.6019519281645
D,Flight,3,4,83.07271832013714,4,medium,M,7,3213.6959468616715
F,Road,6,1,250.31617103893439,9,critical,F,15,3359.316363292227
A,Flight,3,4,613.0889937877678,7,high,M,7,4960.577903708984
D,Flight,4,5,434.9150112538421,6,critical,F,40,2741.5851694350795
A,Ship,5,2,106.22240379942663,4,medium,M,15,6786.0499378133245
F,Flight,5,3,147.96564712581204,5,low,M,40,4992.957130452964
D,Ship,2,1,654.1527604093334,3,medium,M,17,2364.420973183752
F,Road,6,3,329.6603061097241,2,low,M,51,4108.4124733529015
F,Ship,5,5,214.53563865211586,8,critical,M,10,3053.7243682699695
D,Flight,5,1,764.6469720022031,7,critical,F,8,4151.231072166842
D,Ship,3,4,163.59033437884807,6,low,F,58,2345.8235597723415
C,Ship,5,1,278.2467741434669,9,low,M,50,2864.895478784288
A,Ship,4,4,278.9141605825048,4,low,M,12,2996.1502729691147
C,Ship,5,2,203.461484318743,8,low,F,30,5322.167146221126
B,Ship,4,2,61.60753274325316,9,critical,M,4,4265.932586318262
D,Ship,3,1,63.470327622710556,2,high,M,10,3902.149229784875
A,Flight,6,3,76.80695441274864,4,low,M,14,2347.7007116378563
D,Ship,2,1,81.76475191946506,6,high,M,49,3046.1109115866875
F,Road,6,1,26.201393271271183,3,medium,M,47,3880.9138565039407
C,Flight,4,5,128.96898553871142,3,critical,M,45,3414.378164834272
A,Road,3,4,428.9312141057665,9,critical,F,58,5880.8035187933165
A,Road,3,2,277.5686463388511,9,critical,F,12,4223.302339552206
D,Road,6,5,305.5199822301508,9,critical,F,58,5043.84544217267
A,Road,5,2,74.44735256840438,4,low,F,13,3384.262541790794
C,Road,4,4,33.30156688825045,5,medium,M,22,4822.232182039341
C,Flight,5,1,199.5358710264269,3,medium,M,48,3960.0578864161357
F,Ship,6,5,259.0013444755881,3,high,F,17,3286.525681892961
B,Road,2,5,145.8941147600381,8,medium,M,26,4291.006862463814
F,Ship,4,4,355.7506725841476,3,critical,M,25,4516.264916279999
B,Ship,3,3,373.4858284328287,3,low,F,47,3650.7045317947786
B,Road,6,5,216.7673211095745,3,medium,F,20,2384.968127872121
D,Road,4,3,449.7074491874495,3,low,M,8,4398.448045512001
F,Road,5,3,140.85200065539652,5,medium,M,18,3983.6827876539774
B,Flight,3,4,311.5829737465674,8,critical,M,55,5312.0844161072255
C,Ship,4,1,37.57867913863491,2,high,F,10,4232.860611964576
B,Road,6,5,123.09747831644589,8,critical,M,8,2394.7829843040563
A,Road,4,3,184.34183251398747,2,low,F,2,3656.937456614337
F,Road,6,4,209.31653940352183,3,high,F,5,3072.9499080746664
A,Ship,3,3,253.99299481870958,2,high,M,37,4402.944573503603
A,Ship,6,4,216.97651925097,2,critical,M,44,5239.936807288591
C,Flight,5,3,118.45596098609943,8,high,F,59,5412.380671092701
A,Ship,5,5,298.17731862812644,2,low,M,57,4738.823283450365
C,Ship,6,5,366.2895763506165,7,critical,F,43,2035.9678420290902
F,Road,4,1,220.4876404045536,5,high,F,51,5770.705650733799
C,Road,2,2,277.55000860257127,7,critical,M,59,3447.104066306287
D,Ship,6,4,135.0185215429352,2,high,M,19,5414.642667495348
A,Flight,6,3,68.86845945524946,2,medium,F,10,4469.578896898392
C,Ship,5,1,312.2518330643813,2,high,M,47,3842.578666226589
A,Flight,3,3,80.92256867578816,7,medium,F,51,2351.024162108697
B,Flight,5,2,116.63259674065678,6,high,F,48,4410.674585419801
F,Ship,6,3,219.68194487741792,4,low,F,56,4825.954155620064
C,Flight,4,1,497.3199056776974,6,critical,F,27,2465.2126709048607
D,Flight,5,4,81.62688449479884,9,medium,M,16,4728.345213069543
B,Flight,6,3,174.55148960719225,3,critical,F,33,3903.3704638033278
F,Ship,5,2,33.244116773792285,6,critical,M,44,4669.416191186885
B,Road,2,4,43.112874251114874,2,high,F,22,4900.707719041996
B,Ship,6,2,182.15523665758448,3,low,F,14,3308.0686776613593
D,Road,4,3,162.48188655982904,5,low,M,26,4290.260805403549
B,Road,2,5,403.7068153582521,3,low,F,19,4240.114497721862
F,Road,3,5,226.66804381596353,3,high,F,42,5514.714612494403
A,Flight,3,1,162.19146365267636,7,medium,F,4,4717.079036996164
B,Flight,6,4,494.84611039794214,8,low,F,18,3277.114798923835
D,Road,3,4,97.23006324202498,2,medium,M,20,2204.0085185902835
A,Ship,2,3,354.2425818254673,8,low,F,49,4880.915169033246
A,Flight,4,4,497.7555265759866,7,critical,M,37,4287.697607011718
F,Ship,6,1,282.5142101026015,9,low,M,29,4343.867813147937
C,Flight,2,4,161.26068260726365,3,medium,F,9,4666.03457338986
A,Ship,3,2,29.437790163702214,5,critical,F,11,5212.368117901903
B,Ship,6,3,86.02960398532896,7,low,F,7,4141.155414691195
A,Flight,2,5,65.59920280758817,8,low,M,15,6391.919932119517
B,Flight,6,3,122.75089360477818,3,high,F,58,4690.6305697567595
B,Flight,6,5,71.09534973820371,6,medium,M,28,1771.2117339737501
C,Road,3,4,142.0648726049296,5,low,M,22,4918.031468679987
A,Flight,2,5,60.34004531385274,2,critical,M,45,6473.2660827628115
D,Road,4,5,211.19922753776984,3,medium,M,9,2060.5945918581256
B,Road,2,4,121.44753674395395,2,high,F,6,4044.8181971001677
F,Road,2,2,75.43337595456461,4,medium,F,27,4412.665023181822
F,Road,5,3,144.79503142368878,5,high,F,31,4923.0132368945
D,Ship,5,5,243.93433192260954,6,medium,M,6,1673.6384402608023
B,Flight,4,1,24.573309177492412,4,medium,F,30,4624.287956648842
F,Flight,6,4,14.00549260612704,6,high,F,34,5357.324661926443
C,Flight,4,2,352.1260699717992,8,high,F,29,5566.509126705908
A,Ship,4,1,718.1283092265809,4,medium,F,59,4810.577920330005
F,Ship,3,2,108.10793193002213,4,critical,M,27,2978.937001793144
C,Ship,2,3,153.95995192947893,2,low,F,30,4995.893415589245
A,Road,5,5,148.99755232093665,9,critical,M,41,5315.631862188245
C,Flight,3,4,307.6918457807627,5,critical,F,55,1010.6069788367863
C,Flight,6,1,20.856777734485117,2,critical,F,59,4827.707998234267
D,Road,4,5,435.5591202106625,2,medium,M,4,5772.691660899915
B,Road,3,1,280.51671306885413,8,high,M,48,2835.2006026308773
A,Road,5,5,140.15977197223063,7,low,M,35,3176.7039307422906
D,Road,4,5,45.619045156326195,3,high,F,31,3847.4999298496878
F,Flight,5,5,386.7027448010846,5,critical,F,13,3209.8298691415175
D,Flight,4,4,270.6826784669566,9,low,M,28,3598.0290279430374
C,Flight,2,1,226.34340184828443,6,critical,M,46,2656.874732355459
C,Flight,4,2,194.16984840321493,5,low,F,10,5545.733142153516
F,Ship,3,5,116.82396770193333,4,low,M,49,4425.133246713722
F,Road,2,5,61.22322465749931,2,low,F,35,3024.7590748997272
D,Ship,4,1,43.24437643962896,2,medium,M,26,2201.5860786421854
C,Road,6,1,121.87767230757794,4,medium,F,9,4021.7294909897228
B,Ship,6,2,161.43709284004183,3,low,M,59,5217.9271419745155
D,Flight,5,4,67.80359974840209,7,high,F,3,3654.0191690975093
D,Flight,2,4,109.08278708007056,4,medium,M,18,3350.6896246296105
C,Ship,2,1,259.586740260873,3,low,F,2,5327.615451605306
F,Ship,3,2,161.27911667625636,2,high,F,24,2446.106995552457
B,Road,2,1,119.39455019119785,4,medium,F,33,2662.9248921121616
A,Road,2,5,156.79916704206448,3,medium,M,54,3919.37119155019
B,Flight,4,1,166.51866066681657,8,critical,F,23,2191.82207746984
A,Flight,2,3,306.8114583512618,7,critical,F,54,3308.5877957235953
D,Road,3,2,43.97093460668013,8,high,M,44,5767.024494395861
B,Ship,2,4,237.3106024282499,2,low,F,19,2501.631014534164
D,Ship,6,1,210.84126703500266,6,high,F,9,3573.2936322692112
F,Road,5,5,321.6887798146203,3,medium,M,14,3275.231541754526
B,Road,3,5,147.32273325455412,4,high,M,49,2196.5962657727396
B,Flight,5,3,344.80472310265907,9,high,M,32,5701.566070052857
D,Flight,4,1,313.2367038158414,5,high,M,53,2439.501842125643
C,Ship,5,4,197.0635948039918,7,low,F,35,4505.861909840593
A,Flight,3,3,561.9742774987787,6,low,M,4,3914.9556609619767
C,Ship,2,3,449.2222603688144,8,medium,M,22,3811.288400260166
C,Flight,6,4,210.64698417451407,4,medium,F,22,4624.582309317244
F,Flight,3,1,106.65953352554911,2,low,F,46,4983.481895545191
D,Ship,2,5,103.83252516881552,6,medium,M,54,4312.996304534829
A,Flight,3,2,306.78368072485824,2,low,F,57,3546.8170243704417
F,Road,2,3,83.17189140143539,5,low,F,11,4117.581680661887
F,Road,6,3,198.11442293924296,2,critical,M,29,2558.354853489187
C,Flight,3,5,391.26264368770404,5,low,M,4,4758.944319758671
C,Road,5,1,486.1596185925309,6,critical,M,51,4316.068142401631
D,Ship,3,2,62.38805819082256,6,medium,M,38,4002.5023003171227
B,Ship,2,3,80.36025482065422,8,medium,F,23,3597.6173024756645
D,Flight,4,1,250.50515495230408,3,low,F,20,4966.040798057363
C,Flight,3,2,437.34599804712053,5,high,M,47,3405.6501472603954
C,Road,6,1,162.0888032823857,7,critical,F,15,3081.7966271490063
C,Road,6,2,310.9699466070299,8,critical,F,38,4938.72361623816
D,Road,3,4,44.318367230070166,8,high,F,16,3211.1507502586987
B,Road,4,1,173.67235970067156,6,critical,M,6,3992.0187956482955
B,Road,5,4,144.59185828004513,5,medium,M,24,4967.9455131409395
A,Flight,6,2,123.78980092808112,9,low,M,54,4466.755204838579
D,Ship,6,5,289.65577787654064,5,medium,F,20,2426.370428958203
D,Road,2,5,143.22602227200022,7,medium,F,58,4640.169636123051
D,Flight,3,3,158.8457896269842,4,high,F,28,5195.452711752981
A,Road,3,3,27.042277706048996,8,low,M,4,4602.964103441262
D,Road,2,2,141.62120170009987,5,high,F,49,5143.3198239615685
C,Ship,5,1,224.59649156865856,3,critical,M,30,4313.64036740782
C,Ship,2,3,154.8627958798869,5,high,F,27,3035.432067570825
F,Ship,2,5,110.35979165084031,5,high,M,20,4861.184537763781
B,Road,6,1,338.7829486804872,4,low,M,37,3325.1215035698824
D,Ship,5,2,87.60203376712408,6,high,F,27,5405.713051015827
A,Flight,5,3,106.44370810157618,4,medium,F,28,3408.698553303462
F,Road,4,5,394.95179638951805,4,low,M,46,4761.672186295002
D,Road,4,5,457.8298930754111,7,medium,M,47,5809.06674864441
D,Ship,2,3,246.93760715680773,8,critical,M,36,3086.206648416479
A,Road,5,5,449.188775978162,7,medium,M,52,6321.003996061805
B,Ship,3,4,111.66088930102403,9,low,F,30,1759.1532559772618
F,Flight,6,4,78.36001609155471,5,high,F,45,2493.387170856606
D,Flight,2,3,362.9507844029298,5,critical,F,12,2717.37056807306
D,Road,3,3,446.59576916385834,9,medium,F,20,5734.433091787387
B,Ship,5,1,97.66025056896882,2,critical,M,19,3380.044302686382
B,Ship,4,2,200.03816294836327,5,medium,M,1,4969.040551635349
D,Road,4,1,266.2442788974294,7,critical,F,33,5956.609962585717
A,Road,6,1,22.797828092560444,2,critical,F,42,3104.0041468302143
D,Flight,3,4,84.16218056031809,4,high,M,47,4483.778834002778
C,Ship,6,4,154.16312034286125,3,medium,F,18,3160.51840872721
D,Flight,4,5,98.59972322971896,6,critical,F,9,4572.385232307903
D,Road,4,5,49.35307774392685,4,high,M,13,3857.1334146580202
F,Road,4,4,92.39579754914423,6,critical,F,16,2935.755288066776
C,Road,6,2,444.4460706662419,7,critical,M,2,3922.227299735584
B,Road,3,3,182.04016543640256,2,low,M,46,5266.847240567125
A,Ship,5,2,350.87810087013213,8,medium,F,2,1673.9362866108281
A,Flight,6,5,149.97233639666342,7,critical,M,49,3093.192273973141
C,Road,2,1,272.45111572225437,2,high,M,39,3320.1722900387763
D,Ship,4,4,102.11035757439777,6,medium,M,9,3322.4075702215487
B,Flight,3,3,320.56798085140923,5,critical,M,39,2574.8222354992945
D,Ship,6,2,100.15810186019671,9,high,F,29,5140.858986701614
A,Road,5,4,308.6352121008889,9,critical,M,7,3777.521866700142
B,Road,5,3,313.87503257017306,3,medium,M,35,4659.65229877725
F,Ship,3,3,124.77145829925537,5,low,M,45,3636.3867040983823
D,Ship,2,5,411.7288800212879,5,high,M,9,3552.8006069300163
D,Road,2,3,352.1273024712754,2,medium,F,23,4929.7402248111575
B,Road,6,3,220.72609271868058,3,medium,M,30,3884.5796987975878
C,Flight,4,5,287.91230561645887,4,critical,F,54,3880.7756437340954
A,Ship,6,2,98.56094558826722,3,critical,F,22,5645.381832707135
D,Flight,2,2,191.2288754090512,2,high,F,55,4033.7231029213754
A,Road,3,5,117.64159495462034,8,critical,M,30,3675.116378008261
F,Road,5,3,86.10542234928216,5,critical,F,4,4616.422104814734
B,Road,5,5,487.08529371261415,6,critical,M,45,4895.525537416974
B,Ship,6,2,232.8952972042493,6,critical,F,25,3722.796884658317
F,Flight,5,3,463.39914652662424,8,high,F,16,6090.529901971613
A,Road,4,3,249.17415817607656,5,high,M,11,4911.027308999927
A,Flight,2,4,594.8575746395508,4,medium,F,47,3940.6325487685954
D,Ship,4,1,121.8202999930583,3,low,F,43,4654.128002171092
F,Road,5,5,262.37315019040835,3,critical,M,41,2912.7596612553343
D,Road,3,1,45.77163359310997,9,low,F,21,4737.625930130503
C,Flight,2,4,71.34922241751582,2,high,M,49,3359.681240820584
C,Road,4,3,116.24853326014149,8,critical,M,11,5022.512793696016
F,Flight,4,5,210.5095392215976,8,critical,M,11,4093.7333031738535
D,Ship,4,1,147.01653462754768,8,low,M,34,2552.8264062589324
D,Ship,5,2,61.298541370205115,3,low,M,35,4613.174001891568
A,Ship,4,4,266.0695673840367,5,high,M,15,4706.23097476707
F,Road,5,5,357.51099301147235,9,high,M,10,5063.773983785577
D,Road,5,2,338.52395411945315,9,low,F,48,3959.7471015791716
B,Road,2,5,61.59951634754795,5,critical,M,44,5123.053197526463
F,Flight,5,2,126.08677072107663,8,medium,M,28,4669.622632380284
C,Road,2,5,178.07538870760158,4,high,F,14,4509.97691724033
F,Flight,2,5,498.0737666759184,4,high,M,55,4662.203333946188
A,Flight,2,1,409.0261828267428,8,low,F,13,2822.4813840933593
D,Flight,5,3,106.39733520711812,6,medium,M,9,2736.2309227794576
F,Flight,5,3,285.89778407097566,4,high,M,12,3606.4536801268127
C,Ship,6,5,227.73623325607244,4,high,M,44,2959.5900581282585
D,Ship,3,3,302.45169584345246,7,medium,M,15,2656.529720470442
C,Road,2,4,28.039412838078338,3,medium,F,14,5482.299486152911
D,Road,2,2,31.954941235448313,3,low,F,16,3577.7900743822
F,Road,2,1,78.32253090802742,8,high,F,8,4431.299813063716
F,Flight,3,5,118.33431550092486,3,medium,F,3,4431.3450998777635
A,Road,3,4,281.9165462280504,7,low,M,38,4493.516035202879
C,Road,5,1,252.09422729224457,6,high,F,25,4993.334501607768
C,Road,6,4,39.55761852396541,2,low,F,58,2564.644084008919
A,Road,6,4,54.17296569033269,2,high,F,41,5786.597023926696
D,Ship,5,2,36.413153011681345,8,critical,F,31,2420.4945829127273
F,Ship,5,2,338.1870288181918,5,medium,F,28,4548.1263287272905
D,Ship,4,5,413.6859061645734,2,critical,M,16,4799.611626056244
A,Road,2,4,142.56136052492513,5,critical,M,2,4964.601757303693
A,Flight,2,3,255.3682628783906,5,critical,M,26,4753.735637178448
D,Flight,6,4,139.8762316750894,9,critical,F,54,2927.9419381569605
A,Road,6,1,144.08309504858224,4,high,F,49,6861.1365676336845
B,Flight,5,1,304.48555774394737,9,high,F,15,4241.000253397246
A,Flight,2,2,129.13294842472965,5,medium,M,55,4208.663483249915
C,Flight,6,1,139.9137464914538,7,medium,F,14,2787.9433482734385
F,Flight,3,2,174.5922084860085,6,high,M,19,4393.114656058034
F,Flight,5,1,128.21448708852537,6,high,M,41,3816.2667252331953
C,Flight,5,1,75.6106589883137,7,medium,F,28,4707.714882866128
F,Ship,5,4,156.66675057441685,9,high,F,24,3371.102045957623
B,Ship,5,3,249.17195092516948,3,low,F,2,2699.2982302458563
A,Ship,5,3,70.26287612719551,7,critical,M,50,2299.9802321897887
A,Ship,5,1,139.46311976424425,9,critical,M,58,3842.157978959917
A,Road,3,4,94.00175071178629,4,medium,F,8,3650.148256221872
B,Ship,2,1,300.61833989071334,3,low,F,10,3159.939964458194
D,Flight,3,5,190.36509195182887,4,high,M,7,5901.120731267607
C,Road,4,1,146.72642327474028,8,medium,M,1,4665.022469443974
D,Flight,6,2,718.081026232407,4,high,M,47,3553.667921232815
C,Flight,6,4,501.887771206252,9,medium,F,11,4163.066343885577
B,Flight,5,5,128.053081350169,2,low,M,53,3512.642634016034
C,Road,4,1,161.68178670737424,5,low,F,16,4486.171241465874
A,Flight,3,2,290.96686295040405,9,high,M,40,2685.3626042079945
C,Ship,6,4,164.20079377957688,5,medium,M,7,4259.133655084339
F,Flight,2,1,262.1140802891768,7,critical,M,55,4919.7484789904265
C,Ship,4,3,37.743184522465825,7,critical,F,51,3824.836264221043
C,Flight,5,4,146.9786524117905,2,low,M,27,2603.788185624968
B,Road,3,5,258.18923508267903,9,medium,M,59,2983.475637817398
A,Flight,5,5,241.1185793476125,3,medium,F,28,4735.721311018888
A,Flight,3,5,20.132903962992376,9,medium,M,3,3884.3035170843323
C,Ship,6,1,41.11920418432079,2,medium,F,42,2797.196805354667
F,Ship,6,2,214.46575404421014,6,medium,F,1,3543.502701531638
F,Flight,5,4,89.74744014848484,8,critical,F,32,5182.594359069889
B,Flight,5,4,391.3997168441002,4,medium,M,36,5227.799987851686
D,Road,2,5,28.68068724646132,5,medium,F,41,2640.0308098808255
B,Ship,3,1,141.11472964503838,2,high,M,38,4641.2790194105755
C,Ship,4,5,27.13399959853905,3,high,F,39,2763.0010986379375
A,Flight,4,5,144.04096517718108,3,low,M,52,2452.5778716308487
A,Ship,5,5,80.4938300274428,8,medium,F,1,2840.3793884602014
F,Road,6,2,276.7398687348793,5,medium,F,58,3850.09888534162
F,Ship,3,1,181.2792754614376,5,medium,F,50,4517.230050277387
D,Ship,6,2,354.7017508227221,2,medium,F,34,3433.368075380558
A,Flight,3,1,121.4371770993762,6,medium,M,53,3612.7506340210475
F,Flight,4,1,367.8942811621809,4,critical,F,53,2092.3881930432008
F,Flight,4,2,612.4907856020461,9,medium,F,24,2960.3660571752207
B,Ship,2,5,303.65595520476836,8,low,F,27,2774.511520781173
C,Ship,5,4,400.4336091240076,5,critical,F,38,2881.939572018172
C,Flight,5,4,366.87155785526244,3,critical,M,17,4684.661230543745
F,Flight,5,5,122.7943694083766,9,low,M,23,2142.5212173365967
A,Road,3,4,308.868143079535,8,medium,F,28,3420.646167162341
F,Ship,4,5,114.640632062159,7,low,M,46,3124.639638915203
C,Ship,2,3,107.04905621449319,7,critical,M,52,4484.220774346842
B,Ship,4,3,200.7496387566249,8,high,F,32,1870.6729488307774
D,Road,4,3,20.007019424661816,6,high,F,37,4729.311816538278
C,Ship,5,4,245.5053862924505,6,medium,M,6,3802.6323929905107
D,Flight,3,1,214.2110773859237,9,medium,F,41,3689.7789927502654
F,Ship,5,1,32.65433709337189,9,low,M,1,3833.1620885952393
D,Flight,3,4,264.97168384448315,9,medium,M,4,3496.756344698319
F,Flight,3,2,408.60098475637506,4,critical,F,25,5579.089456071208
B,Road,2,1,465.6077997459244,4,high,M,45,4314.450822290657
B,Ship,3,3,270.3487983354921,3,medium,M,13,4890.01012682643
B,Road,3,1,229.47638974585715,8,critical,M,14,5865.844552285271
A,Flight,3,4,192.2009540734395,6,high,F,28,3282.6078363405686
F,Ship,2,2,60.092875508533915,8,low,F,22,1965.7511404890768
C,Ship,5,3,48.873823877859564,5,medium,F,12,4861.964756086487
A,Flight,3,3,343.2512148410118,5,low,F,2,3451.6008608916704
B,Road,5,4,70.23759522310165,7,medium,M,3,3452.184763273405
D,Ship,2,4,31.608971970845978,3,high,M,19,3109.622941739922
D,Road,5,5,246.33913779992724,8,critical,M,12,2960.3709215810813
F,Ship,6,1,345.32199518333005,4,high,F,19,3583.7897861604115
B,Ship,6,5,61.38509630534411,7,low,F,37,2223.1743384239753
A,Ship,3,5,118.12636235081825,8,medium,F,43,4711.192453421576
A,Ship,3,4,304.63968707215713,8,low,M,32,4140.917648234757
B,Flight,2,3,206.66065585492555,4,critical,F,34,4438.66796255826
A,Road,5,3,400.1112454310272,8,low,M,1,4484.690779618409
A,Road,3,3,172.111280044841,7,high,M,43,3487.7048537390283
F,Ship,4,2,265.8262756373924,3,low,M,47,3673.321434091013
C,Flight,4,5,244.91173660740859,7,low,M,41,2937.4924244896993
A,Road,3,4,43.813872434839745,7,medium,F,6,4972.911070368237
D,Ship,3,5,259.45914366389985,5,low,M,32,1502.1528804327195
D,Flight,5,4,209.39264014626525,3,high,F,45,4657.201101296054
A,Flight,4,3,195.98378735001637,5,critical,F,3,3131.1539216815695
F,Ship,6,3,663.1801135587407,4,low,M,9,5315.094010107804
D,Flight,2,2,181.31013881590897,9,medium,F,26,6035.009109334789
A,Road,3,1,281.4890136541948,2,medium,M,20,4233.179523794858
B,Flight,5,5,293.29829835359664,5,high,F,1,2902.0114325802024
F,Flight,2,5,292.01469371380034,2,medium,M,58,4582.376945952752
C,Flight,6,2,107.02041618981437,6,high,F,24,4036.472176654209
A,Flight,3,5,265.87330561957,6,medium,F,20,4905.066548359548
A,Road,4,5,53.683927190931726,5,high,M,52,6541.619846718792
A,Road,6,2,577.3379761749626,9,low,F,46,3092.054286477384
C,Road,6,5,165.20049172904191,9,low,F,39,6204.186167886222
C,Ship,3,3,161.98666242310895,4,high,F,3,3596.2446328209735
C,Flight,4,2,150.13161642076912,8,critical,M,26,4446.44919881673
A,Flight,5,1,316.16513970381754,3,low,F,24,4973.365952485614
F,Road,4,5,77.41434732243138,4,critical,M,1,3914.391951071879
A,Ship,6,1,96.26463909343047,8,critical,F,53,2331.6551118912744
F,Road,3,2,209.31877392014653,7,critical,F,30,4134.328100267875
B,Road,2,5,87.48392188085013,2,medium,F,3,3707.9246983934568
F,Ship,2,4,378.16805155481865,8,medium,F,14,4285.555889540397
A,Road,4,1,117.14371969020169,9,high,F,52,5078.430744198711
B,Road,4,4,228.10860475399184,4,medium,F,31,2310.887546029155
B,Road,6,4,271.33938642988085,8,medium,F,42,3033.620906207931
C,Ship,5,1,52.615558971459905,6,medium,M,55,3618.5954695285855
F,Ship,6,2,132.54023311622015,8,critical,M,50,2629.4409579329904
F,Ship,3,1,189.40905351131687,6,low,M,54,4703.313061457592
B,Ship,4,3,327.40491018932977,6,critical,M,13,4783.967651216946
F,Ship,4,3,203.5652053139824,7,medium,F,10,5053.000027298742
C,Ship,2,5,200.0829592905538,7,high,M,13,3708.510578746648
C,Ship,4,3,50.922951394368944,3,critical,M,50,3595.9885693652022
F,Road,4,5,123.36744263709869,7,high,F,32,3593.9088711084364
A,Flight,2,5,274.838505894816,3,critical,F,48,4728.818637659636
A,Road,2,2,274.57967787921996,4,medium,F,5,4772.314584440706
C,Ship,2,4,167.83699763692078,4,low,M,19,3543.895150250234
F,Road,5,5,115.57612421557522,7,low,F,58,5292.429374337083
C,Flight,6,3,320.1071663694945,9,critical,M,37,4032.254229060957
D,Road,6,3,183.4659271145889,2,high,F,44,2077.6858945460344
A,Flight,6,1,225.61895053289624,9,high,F,9,4010.6362683486814
D,Flight,2,1,26.87587390335691,9,high,F,48,4140.014486875615
A,Road,5,3,120.66461062598586,3,critical,F,51,2763.337033314935
B,Road,2,2,547.1281566487129,3,high,F,52,4136.174674747829
D,Road,2,1,118.07180860332625,4,low,F,16,2348.3904032817163
D,Flight,5,5,86.64082607403985,7,medium,F,45,3855.1591232642
D,Flight,2,1,40.07629743455845,2,medium,M,41,3577.2011453901364
D,Flight,6,3,304.25822254210476,9,medium,F,44,3230.406535497693
B,Ship,3,1,241.4812830079394,4,high,F,40,4306.698373659436
B,Road,3,3,114.05328993814716,4,medium,F,25,3978.6546978275865
B,Flight,3,4,572.3654821566146,5,medium,F,4,2868.4373934536698
B,Road,5,4,413.96103079113294,4,low,M,21,5290.548225767958
D,Flight,2,5,287.33910919432935,2,low,M,48,5309.136641963278
F,Road,3,3,195.9773992111313,5,medium,M,25,2404.4327537777726
C,Ship,2,4,416.7895577335358,5,high,M,5,4061.028583556321
A,Ship,5,5,275.72853890353207,3,high,F,38,3685.585216633225
D,Flight,6,2,323.4995982927538,9,medium,M,29,4562.423730131179
C,Flight,6,2,648.4068099647272,8,low,M,57,3539.8490383235912
F,Ship,4,4,86.52998111605397,6,critical,M,4,4617.063044735203
A,Flight,4,1,254.5375108972718,5,high,M,19,3250.1517896173996
B,Road,4,3,31.414666166008743,7,high,F,13,2972.8825757812165
C,Flight,5,5,77.05088000426717,7,critical,F,31,4141.305124104811
B,Road,4,4,25.159105876851935,3,critical,F,24,4466.445800839806
A,Road,6,3,250.32027724995078,2,medium,M,30,4603.481010301537
C,Flight,2,2,315.10536980336184,7,high,M,1,3691.3225903252173
A,Road,5,5,45.924582523966954,6,high,F,4,2749.6864170406866
C,Road,2,5,295.82996795018073,8,high,M,4,5013.445759883764
F,Flight,6,3,99.18974718380763,5,high,F,39,4453.254501285771
F,Road,4,5,316.2223774442423,6,medium,M,51,3936.3731625526375
C,Road,3,3,117.5193083453488,3,critical,F,54,3294.120985939785
F,Flight,3,4,285.7883958192615,3,critical,F,38,4220.897656081387
F,Ship,2,2,98.03838923769615,5,critical,M,26,3648.7279628893543
D,Flight,4,5,180.4484432363206,5,medium,M,21,3351.6996726556154
B,Road,6,4,150.3263427370503,8,low,M,9,3511.0077104215247
C,Flight,3,1,735.39349899137,7,critical,M,33,3523.602239398485
B,Road,6,1,491.36843841185345,6,medium,F,56,3219.030292839846
C,Ship,4,3,211.85161263086778,3,critical,F,38,3750.305827533206
B,Ship,5,5,216.8212692465514,4,high,F,32,3924.5868190938004
F,Road,6,2,251.93385643444262,8,medium,M,31,3797.3832323956804
D,Ship,5,1,677.1395570076213,5,low,M,36,3480.22521036997
D,Ship,5,3,118.2693192403369,2,high,F,58,3025.709439173371
A,Ship,6,2,193.68620754064793,4,low,M,10,5099.487025333081
F,Road,2,3,44.002539425466594,9,low,F,15,4826.702974381481
B,Ship,3,3,75.4795723996785,2,medium,M,11,2757.7507685308774
B,Ship,2,3,83.97308525769876,6,medium,M,46,2898.2256370602263
D,Ship,3,4,147.91971199257446,8,medium,F,31,4479.996994335038
A,Flight,2,1,224.2514364288661,2,critical,M,38,5167.209083647158
C,Road,2,4,392.229355412285,6,low,F,57,3092.3864667669186
F,Flight,6,2,144.53822884390132,7,medium,M,33,2416.392065579803
C,Flight,3,5,187.446254695332,9,critical,F,30,4262.528012323325
A,Road,6,3,213.04680722492893,7,high,M,47,5767.50239576534
B,Road,4,1,304.2209919766697,5,low,M,4,4194.929573810979
F,Ship,2,5,231.0560413283402,6,low,F,9,2963.6351158679045
F,Ship,4,5,229.2072552303207,2,medium,F,12,4174.543059953103
A,Road,6,4,199.55034178094692,3,low,F,24,4559.337324527672
D,Flight,3,3,514.336234964802,7,medium,F,4,2380.0578683357126
D,Road,2,2,808.8962101903866,7,high,F,22,3423.7380709717277
B,Road,6,2,100.92004167645734,3,low,F,2,4096.369240059996
F,Ship,2,3,373.2514289851775,6,low,F,59,4706.484760581457
B,Road,5,3,62.88841425719332,8,low,F,16,4079.6426898938967
C,Flight,6,1,230.37176957955592,6,medium,M,26,2965.5286429824623
D,Flight,4,1,42.159723996398,8,low,F,55,3048.25552670828
A,Road,3,1,82.4989591886601,8,low,M,31,6073.778682803284
D,Road,3,4,194.13152658889447,3,critical,M,18,4354.873802936047
B,Flight,3,5,215.68797837144058,3,critical,M,29,3860.2010809892504
B,Road,2,1,253.90546816410028,9,critical,F,24,3744.549568618484
A,Flight,6,2,91.16594365505838,6,low,F,28,4390.153940013453
C,Road,4,4,256.3556140229353,8,high,M,29,3099.029981573745
A,Road,4,3,292.18161523248375,8,medium,F,56,4718.652628255746
C,Road,4,4,159.66891897339215,6,high,M,23,4264.2705730618045
C,Flight,4,1,76.72799810072897,9,low,F,22,1846.7239279563673
D,Ship,5,1,124.72375097560715,2,low,M,12,3489.557793233449
D,Road,3,5,456.45307384408886,4,high,M,33,4159.608247400832
F,Flight,6,1,37.16390002169149,5,medium,M,25,4217.5795363429625
B,Flight,5,2,291.0657974722732,9,low,F,21,3631.5501246339722
A,Road,6,4,68.31372964178219,6,critical,M,49,5579.829718723619
D,Flight,2,3,367.25708236875494,4,critical,F,6,3903.6533685057075
F,Road,6,4,261.100984535203,4,medium,F,13,2663.997107565072
C,Flight,4,5,265.53349749065933,2,critical,F,49,3731.7018229419446
A,Road,5,2,333.25852461431083,3,critical,F,22,745.5210587022921
F,Ship,2,5,164.7210038080352,3,medium,M,29,3906.1254450266406
D,Flight,4,3,50.71303574347296,8,low,F,30,3889.208524312224
D,Ship,4,1,170.0887329296135,3,high,M,3,4476.813595024605
C,Flight,5,3,187.5304701403454,7,low,F,15,4774.580497731741
C,Flight,5,1,86.13325610250774,2,low,M,9,3764.0445139768217
F,Road,2,4,78.89424614334445,2,medium,F,16,4714.236482693928
D,Flight,5,3,305.2432069384767,5,high,M,25,4231.257747184083
D,Ship,4,2,239.75855761721988,3,low,M,37,3635.8937786107876
D,Road,5,4,220.57312948939426,8,critical,F,11,2475.8530929539847
F,Road,6,5,89.65795040190241,5,low,F,48,4498.60481848723
A,Ship,3,1,232.9839159874893,3,medium,M,7,3530.0174266699914
A,Ship,5,3,399.05051055373536,8,high,F,52,4453.163604060575
C,Ship,4,5,293.03311556781915,8,medium,M,30,3253.072306627805
B,Road,3,4,480.8882458633052,2,critical,M,40,3543.5968171598925
C,Ship,2,4,361.17443232879094,7,high,M,43,5544.984795382366
C,Road,2,2,118.62601924174963,3,medium,F,19,5791.670710523535
B,Flight,6,3,333.60638825412866,9,critical,M,23,5183.920483851373
A,Flight,5,5,181.31860374832624,3,medium,M,27,3550.892531170685
B,Ship,3,5,319.336474032893,5,critical,M,31,3321.8475388024412
D,Flight,5,5,94.35843544260425,7,low,M,8,5093.122975881956
D,Road,2,1,562.779837632861,6,low,M,23,2943.775959331967
D,Flight,5,3,110.12346251111084,5,medium,F,56,3634.8173837062654
D,Road,5,4,127.19956686539864,6,critical,M,55,4227.767001404872
B,Flight,5,3,214.38215897062588,3,medium,F,31,4723.348218864005
F,Flight,6,5,184.8718561685954,2,critical,M,19,5305.4024262651665
B,Road,3,4,158.1648839470307,7,high,M,22,4000.720906935976
F,Flight,4,1,390.7317633120269,2,high,M,13,4274.912710787507
A,Flight,4,3,147.26717956456747,2,critical,F,21,2798.4118118594824
F,Road,5,2,121.41640744386093,6,critical,M,47,2881.2338371861533
C,Road,5,2,431.96174972539484,2,critical,F,36,3988.354451165847
C,Road,4,2,100.29185112603578,4,critical,M,12,2976.26914625283
A,Road,4,1,249.95960281710987,5,medium,F,47,2255.4350481019637
A,Flight,6,4,276.43154665072274,3,high,F,2,4246.809318180853
F,Ship,3,5,494.3224366671612,4,critical,M,17,2858.763783155272
C,Ship,2,3,172.39530951841058,4,low,F,46,4672.6257608719525
C,Road,4,3,231.8977200691652,6,critical,M,33,4135.053165812226
C,Ship,4,3,203.1030631635838,7,critical,M,22,3841.3488165309877
F,Road,6,1,399.24198101490157,4,medium,M,41,4665.271506290094
B,Road,6,3,39.46316358886779,3,low,M,51,4191.288260136253
C,Ship,5,5,130.33223820710293,5,critical,M,22,3857.3458019107957
F,Ship,2,2,66.82856636077335,9,low,F,47,3747.083227280681
C,Flight,2,5,81.56518224033324,9,critical,F,39,3348.089964614363
B,Ship,5,4,170.06251491535792,8,critical,F,15,4082.92055930958
D,Road,2,4,289.80760606257576,8,low,F,59,3860.731293332414
D,Flight,4,1,20.557734208950265,2,high,F,15,2705.0226113650765
F,Road,3,1,108.09605412711987,8,low,M,58,3597.9185248759263
F,Road,2,3,84.5979971169882,2,medium,M,23,3864.473731021129
A,Ship,5,1,51.099194916364766,6,medium,M,45,4034.0092548610774
C,Road,2,1,94.7814235854118,9,low,M,19,3227.6821572771655
A,Road,2,3,103.66180848504436,3,low,F,34,4505.21102408569
A,Ship,3,4,131.53658940393947,2,medium,F,27,4292.951833518835
A,Road,5,5,685.9658500012921,5,medium,M,47,1769.6795752269713
D,Ship,5,2,73.24803030419949,2,critical,F,25,3715.7098894466617
D,Flight,4,3,189.45030593850115,3,critical,F,22,5459.654829585509
C,Road,4,4,61.76109756538807,2,low,M,52,2733.103287073406
B,Road,3,3,187.28600281400986,7,critical,F,30,4040.5645480953604
D,Ship,6,1,67.32051352799671,3,medium,F,28,3994.7244028909545
C,Ship,5,2,82.19849924815705,5,medium,M,44,3621.7234554225915
D,Ship,5,3,14.25965425741104,8,high,M,30,3891.3122834133474
C,Ship,5,2,30.497739596035533,2,high,F,10,5662.555081114022
A,Road,6,1,223.57893884465727,3,high,M,43,2974.536325488846
F,Ship,2,2,156.05805320684846,8,medium,F,50,3489.1751811358813
C,Flight,6,2,82.41049968815632,8,low,M,26,3078.3468802217376
B,Road,5,1,49.4532589655725,7,critical,M,41,4194.907205262376
B,Road,6,5,33.94278742062416,4,medium,F,29,3094.0348586823006
A,Flight,6,3,88.10622273898088,8,critical,M,27,3655.4134642653667
F,Ship,5,2,167.4209092145628,3,critical,M,14,4790.721018540406
C,Road,2,2,150.385325862158,4,high,M,14,2282.8233301377163
B,Road,2,1,230.588523929272,5,high,F,50,4081.3488833467645
B,Road,3,3,244.71572144708355,4,medium,M,24,3560.300049064191
D,Road,5,5,146.16863117722332,5,high,F,40,4326.0443763658595
C,Ship,6,3,124.30401101916262,6,medium,F,36,5677.789754745502
A,Flight,4,4,371.0486711661258,3,medium,F,47,4153.674020564188
A,Flight,4,1,174.12811025170686,9,high,M,26,3404.5767971239575
C,Road,3,3,308.2509647295971,8,medium,M,36,3273.640692022853
D,Flight,3,5,270.26097336731027,6,high,F,11,4883.23257530898
C,Flight,5,3,71.45788094830118,6,low,F,16,5019.776527188288
F,Flight,5,4,294.84769419756185,4,high,F,17,2901.3450368779163
B,Ship,4,4,361.5954627904836,8,low,F,58,4226.2633165688085
A,Flight,5,3,281.3398196318022,4,low,F,32,3276.19625564833
D,Flight,6,5,113.47231915552504,3,critical,F,32,3225.53835607569
D,Flight,3,5,324.25383317758923,4,critical,M,25,3165.5712664823523
F,Flight,2,5,41.22315137386739,9,low,F,2,5406.370405016494
B,Road,3,1,229.72512408412396,3,critical,M,48,3908.1043745843117
D,Road,3,4,69.18945542542359,9,medium,M,47,2547.5016029123026
F,Road,6,3,275.6237346854033,9,medium,M,10,2282.8108666396215
D,Flight,6,1,161.35254000322757,8,high,M,42,2411.31186962241
F,Ship,2,2,185.74904453439794,6,low,M,51,3657.289378520102
F,Flight,6,2,14.28220759708361,5,low,M,37,3472.3148055830407
F,Ship,5,4,81.64743491227416,3,medium,M,8,2965.461369151713
A,Ship,5,1,75.77153110155793,5,high,M,26,4791.654206093525
F,Ship,4,2,344.4132252323364,3,critical,F,27,3998.7321465125033
F,Road,5,1,3.8023191462903685,6,low,F,9,3552.4028094835867
B,Road,5,4,248.46687783678604,8,medium,F,14,3965.334430262393
A,Flight,5,2,190.2072026654833,8,high,F,25,4379.9495576727995
A,Flight,4,5,118.99811095648569,8,medium,F,33,4566.425027987766
F,Flight,4,1,251.23377539164875,7,critical,M,18,4753.404370879185
F,Ship,4,1,37.365528265905354,2,critical,M,11,4739.545207195939
A,Ship,4,5,23.445302626142123,4,critical,F,29,5047.513637087628
C,Flight,4,3,48.10968151100272,2,low,M,47,3328.675769731518
D,Road,6,1,128.4664243289232,7,high,M,54,4082.7000036385703
B,Road,2,2,361.1368208599441,3,high,M,29,5512.530702302551
A,Ship,3,2,338.7739309127382,2,low,M,30,3836.692044998493
C,Road,6,1,18.761199258580966,9,high,M,10,4514.048140686467
B,Flight,6,2,349.5868470563731,8,low,F,23,3536.9360557659825
F,Road,5,1,461.43949834587465,7,low,F,2,5118.183017150708
A,Flight,4,4,161.71852576995883,3,medium,F,40,5807.590322192307
A,Road,5,2,217.55572480117698,2,low,F,16,4245.404061205812
D,Ship,5,4,293.9872096764458,8,high,M,49,5810.327590722696
F,Flight,6,3,123.65322515149124,5,low,F,13,3232.6191935576917
C,Ship,2,5,83.60238262152899,8,low,M,21,4138.832082717813
F,Flight,4,4,6.953429076527429,5,medium,M,8,6087.993682510094
F,Ship,3,4,91.58982304604451,5,medium,M,57,3339.1056630138173
D,Ship,2,5,62.5673978085895,6,medium,M,7,5538.330439052553
D,Road,4,3,62.81311848609155,6,high,F,20,4936.102435196951
A,Ship,3,1,322.39109330195805,8,low,M,19,3218.15312597666
A,Road,3,2,584.7296709971312,7,high,F,7,3303.9798383990483
C,Ship,4,1,37.491380843459574,6,low,M,32,4582.545054503177
D,Flight,4,1,269.9514442227177,3,high,M,39,4372.27461003854
A,Flight,6,2,9.839789274052203,9,medium,F,50,3500.3864067772674
D,Flight,5,2,254.88036931984686,9,low,M,15,4480.518678108225
A,Road,6,1,171.0586194711332,7,high,F,50,4600.9383807117265
F,Ship,3,2,75.13037342089306,8,medium,F,39,4590.004761104471
B,Flight,5,3,159.47345666426148,3,low,M,23,6209.183966688679
A,Road,3,5,161.0926000700136,6,critical,M,4,5407.2381367677635
B,Flight,3,5,397.20433618205743,7,low,M,55,4371.404034423031
A,Road,2,4,438.8552586098061,6,low,M,32,2936.0063834344464
A,Flight,6,4,138.74137298757458,4,medium,F,42,3594.311620193747
A,Flight,6,3,176.66135183317064,2,critical,F,30,4981.383992275033
B,Road,2,5,486.3279498807205,7,high,M,46,2703.166152832027
C,Ship,2,2,82.05533906673298,6,critical,F,30,2848.9752905422665
B,Flight,2,1,547.1833405425942,4,critical,F,25,3629.5673985895605
D,Road,2,4,60.73510736188005,2,medium,M,57,1928.8201174195337
A,Ship,4,3,304.9719169780363,5,high,M,41,2826.754310052332
D,Road,3,5,155.44872279634117,4,high,F,1,6159.739260660999
F,Ship,6,4,136.3852820711838,5,high,F,35,5421.582856672674
A,Flight,5,3,445.14027226433706,4,critical,F,18,4750.692795128986
F,Flight,3,1,522.7593982064483,5,low,F,58,5811.496881871767
B,Road,6,5,346.16995794975014,2,low,M,33,4597.072561011359
B,Flight,4,2,211.72053095643068,5,high,F,53,3383.63457081766
A,Ship,2,1,131.88267755039166,4,critical,M,51,5527.4293868801815
A,Road,5,5,235.1903128164252,7,low,M,42,3508.9703019220124
F,Ship,4,1,171.7727776799609,5,critical,F,27,4385.469475848244
D,Road,2,3,270.56347354804575,4,medium,F,19,2238.7574213633566
A,Flight,2,1,268.0944144397472,6,critical,F,38,4204.516002811226
B,Road,5,1,204.27537081302484,6,low,M,21,3298.249557869214
D,Ship,5,2,297.6101269996781,8,high,M,17,2820.458941419272
D,Ship,2,5,280.4187511103769,2,critical,M,43,3510.158057993594
F,Road,4,5,11.205918167608955,2,medium,F,13,3648.4631237513954
B,Flight,2,3,181.67757067377792,6,low,F,39,3004.0520092167676
D,Flight,3,1,4.051870744435546,6,medium,F,17,4143.764643108585
C,Flight,4,2,98.42927775848432,8,medium,F,56,3029.6160182487465
F,Flight,5,5,207.0893672214299,3,medium,M,44,2810.9779407740157
D,Ship,5,2,164.74576435636976,8,high,M,52,4533.273602783594
B,Road,2,1,361.2765402244322,7,high,M,7,3857.7515713602143
A,Ship,5,3,94.3247396727331,4,high,M,38,2959.8336947787107
A,Flight,2,4,407.51073578762924,6,high,F,44,3658.6901537901517
B,Road,6,2,152.95880559792266,4,critical,F,15,4878.45357299844
C,Flight,5,1,45.64667749130355,3,high,F,12,5762.127663079091
F,Road,6,2,211.5278086742768,8,high,F,18,2267.1263483543707
F,Flight,2,2,208.15280902011088,6,critical,M,56,3821.016558608309
A,Road,4,2,103.41141953455137,3,high,M,31,4395.735462465048
A,Flight,6,2,161.95072860207992,5,critical,M,19,2974.6661094675474
F,Ship,6,1,242.78712760426515,3,high,F,38,4539.401988209408
B,Ship,5,2,66.28463579715114,3,critical,M,10,3169.4877017224585
D,Ship,2,4,337.2934739957691,2,low,F,50,2888.4946192988764
C,Road,5,1,227.56411566977235,6,high,M,46,3915.2895671371466
C,Flight,4,1,123.04678901659194,8,medium,M,57,3997.6942126291747
B,Road,2,5,183.87228253629826,6,medium,M,2,4220.367548838004
C,Flight,6,5,184.4541614547192,4,medium,M,29,4607.565627121377
D,Road,2,2,244.6326071979292,8,high,F,52,4260.471749070881
C,Flight,5,4,90.88724216780489,5,high,F,57,2874.7351101923405
B,Ship,5,2,81.59992534979344,5,low,F,37,2618.5673474697023
F,Ship,3,3,280.453864948572,6,high,F,43,3847.7020215058533
F,Road,5,3,86.63642680932199,9,critical,F,5,4577.2483723755295
A,Road,4,5,51.183622719237256,3,high,M,44,4451.469586563796
F,Road,4,5,189.24198878233733,9,critical,M,57,3963.68406658408
B,Road,6,2,100.79395620132891,3,medium,F,27,4209.972621524631
F,Ship,5,5,109.75560823285232,4,low,F,3,3384.043806486581
F,Ship,4,3,45.29773996878805,3,medium,M,33,4193.008190332047
D,Road,5,1,393.2618632387903,6,critical,M,34,2909.764919814249
C,Ship,5,5,266.1760292329828,2,high,M,26,5284.4370527773835
B,Ship,3,4,330.09125055707904,4,high,M,26,4521.691259580983
A,Flight,5,5,44.29301312155224,3,critical,F,36,4157.735207611681
D,Ship,3,3,381.67251507243225,5,high,F,51,4109.340576340909
F,Flight,4,1,227.69123409272493,7,critical,F,34,2235.5518277694414
F,Road,6,3,49.39451280977949,9,high,F,21,4492.239464464855
F,Flight,2,2,141.9459325775823,6,critical,M,54,1936.1149532455088
F,Flight,4,4,32.75957503563145,7,medium,M,22,3504.703929118931
F,Ship,4,3,356.13014736449276,6,medium,F,46,4902.660289382486
D,Flight,2,4,286.6782853593148,8,critical,M,36,3964.8564205952925
F,Ship,3,4,151.4891777503625,7,medium,M,35,3743.597444467704
A,Road,3,3,178.41099864891606,4,medium,M,57,3661.5642151851807
B,Road,5,3,237.32668856856938,3,high,M,40,2259.632174385515
B,Ship,5,1,160.93015766320005,4,medium,F,47,4253.706719491814
B,Flight,4,4,108.27261880252486,8,high,M,1,3723.988938283519
B,Road,4,3,228.8026146671297,4,high,F,54,3940.7319773996587
C,Flight,2,5,159.40365933390822,2,high,M,19,2967.5210321051277
A,Ship,2,4,341.27829363092764,5,medium,F,14,3147.2378347663553
F,Ship,5,4,408.3247261678515,6,high,M,47,4177.778138584986
F,Ship,5,4,87.14320130883031,3,low,M,25,2731.8563483685016
D,Road,3,3,163.45885953849313,5,high,M,11,2761.3538728859244
A,Road,5,5,83.87333389846998,6,high,F,56,4687.067069636119
C,Flight,5,4,266.69750553809394,2,medium,M,19,2270.9008225679495
B,Ship,6,3,200.9251263461633,9,high,F,2,3297.342254883349
C,Road,3,2,125.24743322906377,5,high,F,53,6208.419091154705
B,Ship,5,4,397.1262228192892,2,low,F,11,1538.0202941100833
D,Ship,4,1,101.4085648786048,4,low,M,22,3953.9385958755347
B,Flight,2,5,87.45371038529551,6,medium,F,45,5766.050304052287
B,Road,5,4,63.65975680847515,6,critical,F,30,4975.712537982666
D,Road,3,2,387.73764409827294,6,medium,F,11,4447.2521554922505
B,Road,6,5,149.82554341252816,9,medium,M,25,3496.1607461123194
C,Ship,4,4,31.888706211490558,8,low,F,47,3238.1243710282415
F,Flight,2,1,219.08329311683997,8,high,M,35,4027.2556323605795
A,Ship,3,5,43.716087324514206,4,critical,F,52,2961.4436939641155
F,Ship,2,3,144.70113044615144,4,low,F,16,3933.0276402774784
F,Flight,6,2,83.39872174198922,2,medium,M,56,3783.895628816681
A,Flight,5,1,19.998621449184334,3,medium,M,37,3462.4230589992558
B,Road,3,1,344.5527331718283,7,critical,F,52,7240.1391486368075
F,Flight,6,1,303.411146384079,9,medium,M,8,5100.663944921611
F,Flight,3,3,56.81281163707905,8,critical,F,12,3449.283211881425
F,Road,6,5,127.75471600090363,7,critical,M,55,4121.327282745628
F,Flight,6,1,102.53101902603493,7,low,F,12,4703.065146741102
F,Flight,4,3,109.9224642399037,7,medium,M,43,4537.585307043805
D,Road,4,1,171.69866400948973,3,high,M,49,3986.6671529635382
C,Ship,2,5,58.48001864791984,6,critical,M,49,3552.782185271144
B,Ship,2,4,14.531835598831522,3,low,F,17,3784.6513151717236
B,Flight,3,4,153.58245214092756,2,low,F,41,5190.352028956411
A,Flight,2,3,116.56311438467017,7,low,M,59,2420.372547444824
D,Road,5,4,81.84525229679905,3,low,F,6,2543.412026740636
D,Road,6,5,135.37206741850372,3,critical,M,13,4094.279293614279
D,Flight,2,2,69.95947527383612,6,high,M,26,4334.894441752293
D,Ship,3,2,404.59194317935084,3,low,M,3,2573.8862828568954
F,Road,2,5,201.6933345529763,3,low,F,59,4560.652519578775
A,Ship,3,4,194.1363399948579,7,high,F,48,4305.598127172845
F,Ship,2,1,358.324799967646,2,critical,M,36,3612.2382172934776
D,Road,5,3,130.7114894112562,3,high,M,49,3645.231478841236
F,Ship,3,2,277.851334443269,8,critical,M,58,2377.53466910744
D,Road,2,5,166.38713517908337,3,low,M,28,4981.532875299121
F,Flight,6,3,34.311756522426876,4,high,M,24,5216.459777899117
D,Flight,2,4,413.0308292532577,2,low,F,55,2227.4214346385456
A,Flight,6,1,189.0441555200727,6,low,M,26,4374.485577591286
B,Flight,3,2,192.25471278554315,8,critical,F,39,4121.579000539382
A,Road,6,1,97.02974602951008,8,high,M,28,5418.402546036583
F,Flight,3,4,235.08149333094153,5,high,M,5,2767.4239453845175
C,Flight,6,3,86.53062126161808,9,critical,F,11,3508.1213079503464
D,Ship,3,4,384.8850598631237,9,high,F,19,5280.332303871728
D,Ship,6,1,351.10476886263916,8,medium,F,3,4696.136241969568
B,Ship,4,4,95.40970045946683,4,high,F,10,4987.735101025309
B,Ship,4,2,67.58727852599064,6,critical,M,52,2543.887903521032
A,Ship,6,1,156.30902752633443,4,low,M,23,5692.329720677218
D,Flight,6,4,483.07301568207714,4,critical,M,37,2863.5500613392956
C,Flight,4,5,297.129216111728,2,high,F,46,2888.221700865558
D,Ship,5,5,588.1841415510812,5,high,F,48,3877.6766178672547
C,Flight,2,3,194.7933481546978,4,medium,F,17,2094.6695475490646
A,Flight,2,4,551.0314910924963,7,high,M,13,5746.153779551058
F,Flight,3,1,202.6123571249032,6,critical,F,15,5568.00503104332
A,Flight,6,2,378.9261971343723,8,low,M,14,2910.1564149795245
F,Flight,3,2,62.603577781808696,8,critical,M,15,1631.3087931478412
B,Ship,5,5,190.7069311026509,8,medium,F,45,3096.087834837323
D,Flight,2,2,274.691383993811,4,medium,F,10,5301.592998003993
D,Road,5,4,806.5417027181948,5,high,F,8,5084.827740156108
A,Flight,4,3,167.8606340157008,5,medium,F,11,4651.883947936968
F,Ship,3,3,216.02900707170147,7,medium,F,40,3463.9182048791467
D,Ship,2,4,20.998849596452747,9,high,F,33,4296.551321431305
B,Flight,6,4,129.72367906837326,7,medium,M,30,4790.015408978179
F,Flight,3,1,195.52527415077796,4,low,M,57,3720.2847106796276
A,Ship,4,2,98.03747172548576,2,critical,M,49,2493.9111549398244
D,Flight,5,1,150.1222885917304,2,medium,M,24,2359.76413333653
A,Road,4,5,32.86067675386617,4,low,M,33,3475.1871663177103
F,Flight,4,3,188.33489322432803,6,low,M,35,4101.033487982796
C,Ship,6,1,377.39036051433084,3,medium,M,52,5963.0858846815045
C,Flight,6,2,216.1102717330184,2,high,F,26,2624.7748820377938
A,Flight,2,5,622.6267374085479,5,medium,M,54,2299.8239873811763
F,Road,6,3,431.40218492649007,4,low,M,45,3567.9561857552258
F,Ship,5,1,98.43943339533241,8,high,F,42,2902.560423465041
D,Flight,5,5,134.0207693961702,2,low,F,9,3681.3837577727604
D,Ship,4,1,90.9318291689631,3,critical,M,25,2524.588598905977
A,Ship,6,3,79.49671985022796,3,medium,M,2,5990.894632944207
D,Road,4,4,102.95233301943114,8,high,M,15,5711.10729167705
A,Ship,2,4,145.97319351471614,7,medium,F,32,4592.036825819981
D,Flight,6,1,392.8620902715901,6,high,M,19,3121.0529967521466
B,Flight,4,1,226.99969996001016,6,high,M,24,3061.045852031132
B,Ship,6,4,50.964931729269715,5,critical,F,6,4204.414371501413
A,Flight,5,2,172.27086196623515,2,medium,F,54,2906.467713540327
B,Ship,3,4,182.53974423346003,8,high,M,4,2894.3744982855596
B,Flight,5,4,186.14371804837464,9,medium,M,26,3854.0625638866986
C,Ship,5,4,356.303437138415,8,critical,M,43,4517.337294683641
B,Ship,3,1,232.03200566587265,2,high,M,9,1115.6756328217984
D,Ship,5,3,116.79343866263163,4,low,F,1,4227.991163709061
D,Ship,5,3,340.5954312019807,3,high,F,13,4306.950750112526
F,Road,4,2,113.29905667209692,3,high,M,43,4106.534967053781
D,Road,4,1,272.18158900105374,5,low,F,54,2575.877588342062
C,Road,5,3,76.1912495001645,3,low,M,3,2566.6760716193157
F,Ship,3,5,139.78865517279579,3,low,M,57,4622.932269811964
A,Ship,5,1,206.97171434877495,7,critical,F,10,3847.9091138532012
C,Ship,5,4,266.09159942289017,4,low,F,17,5168.168401454098
C,Ship,6,1,34.69122139288352,8,high,M,39,3720.0754576779927
C,Flight,2,4,266.79261088940274,5,high,M,1,3914.926825174868
C,Road,2,1,134.88337048160673,9,medium,M,11,4534.5436134561905
C,Flight,5,2,306.15055871222256,9,high,M,28,2709.0567496747835
D,Ship,5,2,334.3954335712419,5,high,F,34,5185.829198742174
F,Flight,3,5,69.30114806804337,7,critical,F,32,2166.4357860129103
F,Flight,5,1,74.53893256527581,9,medium,M,41,4501.171264488668
C,Ship,6,4,472.4761038315053,3,critical,M,15,3865.6189318199376
A,Ship,5,4,104.91791548128968,9,low,M,37,5126.347532434977
B,Ship,5,1,321.32641607376695,7,low,M,46,2985.62504401805
F,Ship,5,4,308.2609953263204,2,critical,F,55,4777.986678308069
F,Ship,2,4,52.11810061909462,5,low,M,48,2586.485026802805
C,Flight,3,5,383.25114693246576,6,high,M,44,4299.532503043212
D,Ship,3,1,112.73974734324628,8,critical,F,21,4713.172365248613
C,Road,5,4,189.1888253248355,2,critical,M,44,4126.062328003405
A,Ship,4,2,69.23772963888335,9,medium,F,21,3331.731000155885
C,Road,5,1,35.24173755395296,7,critical,F,57,3904.527355713901
C,Ship,6,3,193.69960048986638,5,low,M,15,4044.873235659702
D,Ship,6,5,104.12315191436046,6,high,M,2,3555.5667070770833
F,Ship,6,3,622.6386678874265,8,low,F,17,4415.475151506249
A,Flight,6,1,97.99299998967255,8,critical,M,41,5159.596289375498
C,Flight,5,1,285.5576801400681,7,low,M,31,3771.2014921856544
C,Road,3,1,128.39571419656514,3,medium,F,9,4165.489393122561
F,Ship,3,1,273.1539443341321,7,high,F,38,4180.105467465415
A,Ship,2,5,263.02236706111836,3,low,M,28,4426.046487244996
F,Road,6,1,47.69087995535735,7,high,M,33,5658.940303431566
A,Flight,6,3,332.4624246484717,3,critical,M,19,4016.825066287811
B,Flight,6,5,121.96921998946107,7,medium,M,1,3660.921626373152
D,Flight,6,3,113.19923795819466,4,low,M,8,3595.445082441604
F,Ship,4,1,21.884604691569823,3,critical,M,55,4457.040065596367
D,Road,4,4,83.4147707630601,4,low,F,4,3604.399626754293
A,Flight,5,3,83.74534517728738,4,medium,F,13,3004.9150321121574
F,Ship,2,3,125.80002026453054,9,critical,M,20,2828.495591830382
B,Flight,3,1,172.06457105248495,9,high,F,10,4659.308119511327
C,Road,5,2,209.1695925616535,8,low,F,32,4256.957438183945
C,Road,3,5,129.8561818126467,2,critical,M,14,4175.572061715488
D,Ship,5,1,184.2495611282448,3,low,F,24,5163.525859626327
A,Flight,4,5,283.2841759137674,8,critical,F,14,3102.7450725018834
B,Flight,3,3,110.41405094509591,7,critical,F,52,6054.854619813166
A,Road,5,5,77.94560586498149,7,medium,M,45,4209.461969730197
B,Road,4,2,224.61640777230429,7,critical,F,17,5430.362799118356
C,Flight,5,3,96.8966754285453,8,high,F,36,2517.5858589411273
C,Road,4,2,266.57342895236116,6,medium,M,49,3721.11636252683
B,Ship,5,1,236.3386165993635,4,medium,M,38,3129.4456443538465
D,Ship,5,1,456.54857222145716,8,medium,M,36,4676.51655478099
A,Flight,4,3,329.96842645302394,2,medium,F,18,2365.306481245604
B,Ship,2,5,31.300386508995338,6,high,M,39,2131.1969417175296
C,Road,2,4,91.27209672264583,8,critical,F,13,3471.0774976146895
F,Flight,6,2,84.84320694853142,7,low,M,58,3964.6099218261747
C,Flight,3,5,252.81019267611268,8,low,M,42,6891.702989956768
C,Road,3,4,132.8359861498433,3,low,F,45,5646.368396074998
A,Ship,3,2,414.609532015802,3,medium,M,50,3270.4369842623837
D,Flight,5,2,80.41656026009183,6,medium,M,17,4358.206633870374
D,Road,4,2,405.09611861445893,3,low,F,54,4746.248539431899
