Warehouse_block,Mode_of_Shipment,Customer_care_calls,Customer_rating,Cost_of_the_Product,Prior_purchases,Product_importance,Gender,Discount_offered,Weight_in_gms,Destination_City,Order_Hour,Reached_on_Time
D,nan,4,2,311.6108214234604,6,low,F,3,,City_3,18,1
F,Ship,2,2,49.65059559696684,3,medium,M,7,,City_29,12,0
C,Road,6,2,259.16877802986994,3,low,M,7,,City_46,23,0
F,nan,4,3,244.61175343868499,3,medium,F,10,,City_23,10,1
F,Road,4,1,268.20582392804505,3,medium,M,9,,City_33,19,1
B,Flight,2,4,273.8703118836356,8,low,F,15,,City_12,18,1
C,Ship,6,1,143.39205281986006,3,medium,F,5,,City_6,16,0
C,Road,5,1,38.95707789353933,5,low,F,5,,City_13,4,1
C,Ship,6,1,327.9165794283513,7,low,F,4,,City_42,12,0
F,Road,3,2,216.963013439275,6,low,F,10,,City_16,19,1
D,nan,5,5,175.599248913759,5,high,M,7,,City_43,0,0
C,nan,4,2,41.76582851541595,8,low,M,2,,City_46,9,0
F,Ship,5,2,94.31682795795476,9,high,M,8,,City_9,7,1
B,Flight,4,1,204.78228200349017,9,medium,F,8,,New York,23,0
D,nan,4,2,725.0478330380412,5,low,M,6,,London,7,0
B,Road,5,1,56.26005427198449,2,medium,M,8,,City_2,18,1
D,Flight,4,5,131.3083456069646,2,medium,M,4,,City_16,5,0
F,nan,4,4,352.6953597103548,2,medium,M,16,,City_19,11,0
A,Road,3,1,65.80208298521966,4,low,F,8,,London,6,0
D,Ship,6,5,355.67925187763245,2,low,M,3,,City_45,15,1
B,Ship,6,4,27.397479069076613,6,low,F,7,,City_3,8,1
F,Ship,3,3,37.01431895955511,5,low,F,9,5140.493982308256,City_3,20,1
D,Flight,5,1,407.8357718703101,6,low,M,4,3363.1570898101363,City_7,21,1
A,Ship,2,1,292.5770917952926,7,low,F,9,4513.573328001829,City_0,9,1
A,Road,2,3,483.7241600433921,2,low,F,17,2856.720394205461,City_24,9,1
C,Flight,2,3,544.5188962288147,8,low,F,5,4385.65695323699,City_9,9,1
C,Ship,3,1,418.21229753330636,4,low,F,9,4131.271361329658,City_45,19,1
B,Ship,3,3,37.99332515046373,7,low,F,8,4661.146955825453,City_47,15,0
D,Ship,4,2,130.7455649403221,8,critical,F,11,4599.146086888705,City_9,0,0
D,nan,2,4,167.50857409479133,4,low,F,6,2646.5163904488472,City_44,16,0
C,Ship,5,4,277.1281917264163,9,medium,M,4,4136.553240744192,City_1,20,0
D,Ship,5,4,319.5019700996847,7,low,M,11,5452.913644273872,City_5,13,1
D,Road,2,2,124.91550939145588,9,high,F,4,1814.6911782175703,City_34,18,0
A,Ship,2,3,108.2036469463275,5,low,F,18,4966.926113862066,City_32,20,0
C,Flight,2,5,187.27098012311015,6,critical,M,9,5601.705099629087,City_34,20,0
F,Ship,3,3,179.25561826232365,3,medium,M,5,2515.3644795151986,London,16,0
C,Flight,3,1,87.50387097798156,6,low,M,12,3329.3009288525213,City_45,13,0
F,Flight,3,4,46.84469474827754,2,high,M,7,4517.743321950532,City_42,7,1
A,Ship,6,3,121.3051865421124,9,medium,F,6,3113.874884186359,City_33,20,1
B,Ship,5,5,263.2353020076505,8,low,F,5,5364.579183645363,City_4,20,0
D,nan,5,1,158.18041889007213,3,medium,M,2,5058.896265756071,City_38,8,0
A,Ship,4,2,19.05558155358894,4,high,M,9,2615.036760456882,City_11,7,0
D,Ship,3,2,229.9540250971457,9,medium,M,3,3256.9419000689873,City_1,12,0
B,Road,6,5,184.63677691613088,5,low,M,4,4769.8368218350215,City_48,16,1
B,Flight,6,1,230.90848750403322,5,medium,F,9,4730.659402747328,City_34,18,0
A,Road,5,4,340.3994635774287,9,medium,M,5,6218.440035303038,City_33,6,1
B,Flight,3,3,193.01631930191448,9,high,M,7,3120.1177945505183,Tokyo,16,0
F,nan,4,1,80.34572571154757,9,medium,M,4,5459.217839471991,City_29,0,1
B,Flight,3,2,188.79281752325426,4,low,F,6,3086.08605523643,City_45,4,1
D,Ship,2,5,153.30209005601225,2,high,F,8,4500.320932455871,City_41,5,1
D,Flight,3,5,299.2285769343115,4,low,F,4,4892.3424415594845,City_30,1,0
D,nan,2,3,67.11026138626679,7,low,M,17,1006.0999071335673,City_25,15,0
D,Ship,2,5,443.01796225320356,8,medium,M,5,4911.206298082782,City_19,21,1
F,Ship,4,5,135.97259390070522,9,medium,M,14,5384.569691049386,City_35,4,0
C,Flight,5,1,128.89489777478144,8,low,F,6,5095.881753473743,City_7,4,0
A,Road,3,4,476.89685319071754,2,medium,F,3,6053.338810077677,City_12,11,1
D,Flight,2,3,422.41508674979923,3,low,M,4,4965.17728350589,City_15,2,0
B,Road,3,1,125.00883504309208,4,medium,M,8,3462.7948986474858,City_42,15,1
D,Flight,5,4,78.16815376632287,2,high,F,12,5239.011134415277,New York,5,0
B,Flight,5,1,279.77249731641194,8,low,M,17,3406.0337194445847,City_30,14,0
B,Flight,6,1,210.78177003756645,3,low,M,7,4082.4179249459785,City_44,14,1
D,Ship,5,5,120.61151732162787,4,low,M,4,4831.783273401235,City_2,15,1
F,Ship,4,4,412.8282519818249,5,critical,F,8,4448.080824146709,City_46,19,1
B,Flight,2,3,152.67004926563052,4,low,M,4,5351.131991850163,City_42,12,1
B,Road,6,3,85.62940584528992,6,low,M,8,6488.6746958387685,City_15,11,0
D,Ship,4,4,247.10507558040766,4,medium,M,4,2862.6360580486003,City_37,9,0
B,Ship,3,5,53.69511081098056,6,medium,M,2,3671.663881190312,City_46,13,0
B,Ship,2,2,115.1899627822276,3,low,F,14,4316.378362562309,City_47,1,1
D,Ship,5,1,350.79575805296537,4,medium,F,6,3536.8090566932588,City_47,2,0
D,Ship,2,5,193.7425292934405,3,low,F,7,3924.2937315021013,City_15,8,0
A,Flight,3,4,206.4914250297612,3,critical,M,12,4775.8196062750685,City_21,10,0
F,Flight,6,1,111.18707967951251,8,low,F,18,4642.908331366767,City_13,10,1
F,Road,6,3,133.24337236369556,2,low,M,10,4247.332730305884,City_17,21,1
B,nan,6,2,63.23174233240063,3,medium,F,7,4147.730503264231,City_45,9,0
F,Ship,5,3,218.2631313957832,3,low,M,9,3776.129865506384,City_44,13,0
B,Flight,4,4,62.516107533065956,8,medium,F,6,5404.522839447718,City_45,8,1
A,Road,4,1,59.4615666869251,8,low,F,7,5663.388836592998,City_37,19,1
D,Ship,2,4,146.76485557560096,4,low,F,7,5018.814003608471,City_29,20,1
D,Flight,5,1,339.3485596208979,8,medium,M,4,2850.623412134046,City_34,9,1
D,Flight,6,5,68.29189437091902,4,medium,M,7,3737.7895699655282,City_46,21,0
F,Road,6,2,328.5299654854832,5,medium,M,8,4199.665959772885,City_45,8,1
A,Road,3,5,261.9318133078993,8,low,F,9,3059.305472077765,City_36,4,0
F,Flight,3,5,17.684445479904614,2,low,M,9,4079.0837047289283,City_42,7,1
F,Flight,6,4,190.148807096726,3,low,M,3,4022.221792534243,Unknown,10,0
A,Flight,6,2,65.29349574663297,2,low,M,13,5084.13817458723,City_46,0,0
A,Road,5,1,168.8123273024147,6,medium,M,13,3501.7095603213684,City_35,20,1
A,Flight,4,1,125.22273842257299,9,high,M,7,5163.302888273695,City_2,9,0
A,Flight,3,3,535.6797853818221,8,low,M,9,3042.631963830613,City_5,0,0
D,Road,4,1,254.50577127510795,3,low,F,6,3182.160802338646,City_10,21,0
C,Flight,5,4,130.3754546257681,2,low,F,10,3620.637692268013,City_33,6,1
C,Road,6,5,199.92447785568655,8,low,M,4,4047.8718866648082,City_41,13,1
A,Flight,4,5,316.9539481582147,8,low,F,14,1583.4875985974022,City_18,4,1
C,Flight,6,5,170.8034105047435,9,high,F,10,4459.297565410939,City_15,16,0
C,Flight,6,2,504.38712612011034,5,medium,M,10,5709.342531745751,City_46,21,0
A,Road,2,1,176.44116512821338,5,critical,M,7,4651.269567977353,City_17,20,0
C,Road,4,4,222.86423665775413,3,high,F,3,3789.3300731948375,City_43,5,0
F,Road,4,2,156.37249154027734,6,medium,M,11,2915.408917730407,City_32,15,1
B,Ship,6,3,94.29420019607898,5,medium,F,3,2186.977764250986,City_41,10,0
B,Road,5,4,120.065709943134,9,low,F,11,2356.976375284683,City_2,9,0
A,Flight,2,4,162.75001940659615,5,medium,F,5,3869.1601249931227,City_1,14,0
D,Flight,6,4,368.60201059610006,6,high,M,3,6106.910018451268,London,6,1
A,Road,3,5,416.26731626710836,2,low,F,7,1282.9266093685933,City_24,22,0
D,Flight,3,4,544.2640213067157,5,high,M,13,4700.217889235063,City_7,1,1
B,Flight,2,1,92.25562858488878,9,low,M,4,3322.284587614058,City_17,11,1
A,Flight,5,4,292.889027090214,4,high,M,16,3664.505040971657,City_23,18,0
F,Flight,6,5,383.0768543820352,9,high,M,10,3062.301113455988,City_32,11,0
C,Flight,4,4,77.14952673183998,7,medium,M,7,2632.5612085130956,City_31,15,0
D,Ship,2,3,184.765301564172,7,medium,F,5,4125.637238672321,City_14,5,0
C,Ship,5,3,30.73749879985926,5,medium,M,6,4262.803486469669,City_27,2,1
C,Road,4,5,269.0072504654223,2,high,M,9,4668.340058719291,City_23,1,1
A,Road,3,1,412.4844593370498,8,critical,M,11,2314.7562938918095,City_44,19,1
C,Ship,3,1,47.775122948233246,2,medium,M,5,4873.972333478087,City_9,4,1
F,Flight,4,2,99.85627104089802,9,medium,M,4,4891.807554255184,City_17,10,1
C,Ship,2,5,97.27846498274793,3,medium,F,6,4424.493686431471,City_36,2,1
A,Ship,3,4,73.28069962344834,4,high,M,14,3579.038382931539,Paris,2,1
F,Flight,6,5,185.69193401149812,2,medium,M,4,4308.430867188945,City_31,21,1
B,Road,4,2,252.41421587784788,6,high,F,13,3839.5509431896776,City_23,4,1
C,Ship,4,5,282.0105878821472,9,medium,M,7,4968.516329985006,City_39,21,1
A,Ship,3,5,331.72653460084274,4,low,F,3,3633.455702073217,City_2,22,0
B,Ship,2,2,548.3420116410157,7,low,F,5,4108.024430076668,City_16,10,0
B,Flight,6,1,182.5753002612229,9,medium,F,10,2261.677995028859,City_47,2,0
D,nan,2,4,140.26015357812292,4,low,F,18,4305.299789190221,City_23,12,1
F,Road,5,2,538.471916311081,6,low,M,3,3250.4455490952632,London,20,0
C,Flight,5,3,184.2150441247971,5,medium,M,1,4512.466217360569,City_35,7,1
A,Road,3,1,119.4020799224884,6,low,F,3,4788.424895247834,City_43,19,1
D,Ship,3,3,453.59112864249374,6,low,F,13,3390.0270579053476,City_44,9,0
F,Road,3,1,144.7696123622817,5,medium,M,3,4031.1883024677168,City_39,1,1
D,Road,5,4,278.5116112894845,5,critical,F,15,4174.4949113532575,New York,3,0
F,Ship,2,4,114.68358958538445,5,medium,F,13,4368.063731933321,City_38,17,1
F,Flight,2,5,265.3167413617047,5,critical,F,8,4789.857825643916,City_14,18,1
C,Flight,3,3,284.81369340772716,5,medium,M,5,4659.011176363463,City_46,3,0
F,Ship,6,1,452.9714352458083,6,low,F,7,3620.109692751867,City_15,19,0
D,Road,2,4,143.05319812934064,3,medium,M,10,5598.3219291541045,City_31,8,0
F,Flight,5,2,197.41236946999112,3,medium,M,9,4751.987476120801,City_2,15,0
C,Flight,4,4,237.52396206056775,9,low,M,17,5405.144392252027,City_21,5,0
C,Road,4,2,179.79417748428105,2,low,F,6,4346.706723371919,City_41,3,0
D,nan,4,1,96.62702854859705,3,medium,F,3,4405.805455278541,City_29,8,1
B,Ship,6,4,358.75920634707956,7,low,M,3,3882.8089485954565,City_0,12,1
B,Flight,3,4,190.80209706857258,3,medium,M,3,3556.2255215623045,City_39,8,1
F,Flight,5,1,41.599658023529344,6,low,M,8,4975.338181104369,City_38,5,1
A,Flight,6,4,64.03952649241039,5,medium,F,6,4264.590624581416,City_13,20,0
F,nan,5,2,136.79772185921524,9,medium,F,7,3868.436154486605,City_12,18,1
D,Flight,5,4,113.198097152968,5,low,M,5,2977.3750141285977,New York,13,1
D,Ship,3,3,52.789413005427576,8,low,M,4,5555.1155377081195,City_19,20,0
D,Flight,4,5,67.80603519529475,8,medium,F,10,4112.62543463257,City_21,14,1
D,Ship,3,2,496.4287232442123,8,high,M,2,2773.277422781449,City_1,2,0
D,Road,6,3,348.1666309387079,6,high,F,4,4081.4224658245234,City_38,4,0
C,Road,6,1,416.47126341020896,7,medium,F,10,3799.079562199438,City_36,20,0
B,Flight,6,2,485.9593643528776,3,medium,M,4,3758.0535998548517,City_23,17,1
D,Flight,3,5,136.21822883273887,6,low,M,8,4576.259801971366,City_25,13,0
A,Flight,5,5,265.29761839563764,2,low,F,4,3800.4604785697643,City_38,15,1
A,nan,5,1,17.076199797379488,9,low,F,5,3694.500947919508,City_37,13,1
A,Road,2,1,253.14812073942053,5,medium,F,9,5362.404736938859,City_30,8,1
A,Ship,6,2,91.2105587663786,8,low,F,3,2260.4330247380185,City_13,14,0
C,Road,5,4,116.35006882012786,4,low,F,10,3948.617692105723,City_0,6,0
A,Road,2,1,212.81415802627518,2,medium,M,7,4928.851860658813,City_19,13,0
D,Flight,5,4,170.28183604908585,8,medium,F,13,4626.932448892467,City_25,5,1
F,nan,6,3,112.20242417859501,7,low,F,8,5020.048593276618,City_3,20,1
A,Ship,4,5,117.02930983032272,2,low,F,4,6021.5718798840035,City_14,14,0
C,Ship,6,4,76.90045450052928,6,medium,M,17,5698.951743891992,City_4,19,1
C,Ship,3,5,51.164067738252726,3,medium,M,4,2844.4652861171253,City_31,7,0
A,Flight,5,4,48.096134099144734,5,medium,F,6,2389.296583892504,City_21,1,0
F,Flight,5,3,302.9781512886061,9,low,F,11,4326.852406698516,City_7,7,1
A,Road,3,1,142.65951475078887,7,medium,M,2,2645.8823184423795,City_35,0,1
C,Flight,3,3,439.7327735488626,7,high,M,15,2073.5306798049232,London,16,0
B,Road,4,1,279.256508397402,4,low,M,4,4316.242857861586,City_44,18,1
D,Flight,5,1,230.6925877580221,2,critical,M,5,4567.045325485234,City_15,4,0
C,Ship,5,5,64.99939800753043,4,low,F,8,5711.140645549013,City_27,21,0
A,Flight,4,3,63.65588482791916,3,low,M,7,4768.431069990424,City_18,19,1
D,Ship,2,4,186.44894119588338,8,medium,F,10,5919.560085969644,City_47,15,0
A,Road,4,3,176.80471195321746,3,low,F,3,4355.554185335978,City_38,6,1
A,Flight,6,5,118.5076782608953,8,low,M,10,2863.7297613206424,City_36,6,0
B,Ship,5,1,225.53259683976012,4,medium,M,11,4822.187056171624,City_28,17,1
D,Ship,3,5,211.39524084607922,5,medium,M,12,5334.313099519821,City_3,17,1
D,Road,6,2,183.92513569176572,3,high,M,3,4391.084397911572,London,1,0
B,nan,5,2,364.0188584802974,4,medium,F,3,5450.55046535574,City_49,14,1
C,Road,4,4,529.9414473153964,2,low,F,6,3876.7492869638227,City_24,13,1
A,Flight,6,5,172.29076002472763,4,medium,F,3,4545.899117115324,City_16,17,0
F,Flight,5,4,135.6915811413275,4,medium,M,2,3825.667918658131,City_40,8,1
A,Flight,2,4,550.9381575641007,6,high,F,6,6379.043591397103,City_5,13,0
A,Ship,2,2,196.681330483277,3,high,M,8,4841.260686327212,City_49,4,1
C,Flight,3,4,295.419530889645,9,high,F,29,2883.2948691487927,City_37,10,0
A,Ship,5,2,90.30839556889003,5,medium,M,9,5852.59746847462,City_11,7,0
B,Ship,2,1,88.94027973514194,5,medium,F,17,3266.820241642612,City_30,4,0
B,Ship,4,5,136.61589155976438,6,low,F,7,4013.6959595665394,City_7,10,0
D,Road,5,4,192.52017021745982,8,critical,M,9,4468.30079582566,City_1,4,1
F,Flight,4,2,203.44799446294948,7,low,F,6,4549.991974843654,City_10,16,0
A,Flight,4,3,123.98326387891012,8,low,F,28,4483.722223488398,City_27,21,1
A,Road,2,4,236.19987385295352,5,low,M,5,2866.9544946605465,City_39,3,0
C,Ship,5,1,222.66217352137693,4,medium,M,5,4487.03463516211,New York,14,1
B,Road,6,1,467.86604677138206,6,medium,M,11,5100.645937135703,City_5,18,0
F,Ship,2,3,91.83072542353919,2,medium,M,8,5071.864029994158,City_0,21,1
D,Flight,2,2,284.79034452500423,3,critical,M,5,2698.1874065479624,City_14,1,1
B,Road,5,4,169.69667190875347,3,high,F,11,3344.347118518972,City_29,23,0
D,Road,5,2,113.29484166120372,9,low,M,7,2955.4783537991198,City_38,16,0
C,Road,4,1,62.74077018999981,3,low,F,7,4339.812992000449,City_31,11,0
C,Flight,5,2,196.8979204129419,4,high,F,8,2448.352217552439,City_35,23,1
A,Ship,4,1,136.05442850173054,2,high,M,3,2877.257227718532,City_20,16,1
F,Ship,2,2,186.32381044120214,6,medium,F,3,3334.865010348769,City_6,9,1
D,Flight,3,3,55.76072776148322,6,medium,F,12,2203.209887769278,City_24,17,1
B,nan,6,5,193.4613547627919,3,low,M,5,3972.2008961409033,City_22,18,0
C,Flight,2,3,184.422038753973,2,high,F,6,1893.5047609919047,City_21,17,0
A,nan,5,3,299.4671762214488,2,medium,M,16,4485.3447695435325,City_36,12,0
A,Ship,6,5,443.5714596242561,2,medium,M,7,3602.9783613311265,City_13,13,0
D,Flight,3,5,229.58190379030037,5,low,M,6,3376.0167927635575,Unknown,23,1
C,Ship,3,4,106.86263706927706,5,high,F,11,3539.2513784307416,Unknown,15,1
F,Road,4,4,197.53514270871685,3,medium,F,5,3939.6139077046187,City_35,17,0
C,Road,6,3,144.98771187687694,2,low,F,13,4592.866182743116,City_21,17,1
D,Road,4,3,225.12573577828573,7,medium,F,11,5317.097273597117,City_22,15,0
D,Road,2,1,36.6265181517183,2,medium,M,18,5013.905815214955,City_20,16,1
C,Road,6,1,350.86255359563523,6,medium,F,5,6231.688322776616,City_21,6,1
D,Road,2,4,89.88877297881733,6,medium,M,14,4675.29720937745,City_46,11,1
C,Flight,4,4,86.3548232691673,3,medium,F,9,4140.315102373933,City_43,1,1
B,Ship,6,1,176.70399303170123,7,high,F,3,3542.968180668371,City_36,9,1
C,Flight,4,1,144.51557736692388,2,low,F,2,3576.2010430574687,City_15,4,1
C,nan,6,2,225.3117580156264,8,low,F,4,4539.038026565921,New York,20,0
D,nan,4,2,189.4069536789314,7,low,F,8,3000.555858221796,City_48,2,1
D,Flight,3,1,314.401613595362,9,medium,M,9,4228.976139191936,City_22,18,0
A,Road,4,2,149.083175954403,3,medium,F,7,3981.1351041961157,City_42,12,0
A,nan,3,5,194.98170121850538,6,high,F,7,3271.9029434977124,City_9,11,0
B,Flight,4,4,481.29316303896485,8,medium,F,6,2948.809707033818,City_49,2,0
A,Ship,6,4,91.16148056722179,6,medium,F,12,6524.717501731841,City_11,5,0
C,nan,6,1,72.22930671155623,5,critical,M,3,2603.428833781709,City_20,13,0
D,Flight,6,3,179.7863749315794,3,low,F,8,3932.241435653384,City_14,3,1
A,Road,5,1,37.502408335021144,3,high,M,4,5222.5838081572065,City_19,12,1
A,Flight,2,2,77.15432760637219,2,medium,F,4,4529.056864928278,City_7,18,1
B,nan,6,3,60.19894214412924,2,medium,M,13,3526.464444044339,City_27,17,0
B,nan,3,2,12.126120817812172,5,medium,M,4,2807.852864454662,City_19,2,0
C,nan,6,5,94.87279135640478,8,medium,M,6,4129.786443259524,City_2,19,0
D,Ship,5,2,133.98007440198958,9,low,M,19,1360.4847508651192,Unknown,5,1
B,Road,3,5,100.6031004437017,4,medium,M,11,4169.867060395869,City_0,15,1
A,Road,5,5,56.8923808175188,7,medium,F,5,4034.82658689454,City_17,19,1
D,Ship,3,2,15.564396195782146,4,high,M,6,5070.1219285266,City_46,23,0
D,Road,4,2,120.51483395311745,4,medium,F,4,2856.6602569155675,City_24,2,0
A,Flight,2,5,134.6558702325117,3,high,M,14,3676.528600153934,City_8,11,0
B,Ship,2,3,35.14636336738772,7,medium,M,12,4436.901646837518,City_48,18,1
A,Flight,5,5,118.67870472736296,3,medium,F,10,4205.567758703562,City_17,18,0
D,Flight,2,4,148.7639595855188,9,medium,M,11,2657.3535030895805,City_5,23,0
F,Flight,5,5,194.27035893774413,7,medium,M,5,3352.4982696161173,City_25,3,0
F,Road,5,3,246.23931185245974,6,critical,M,3,5399.911560231394,City_0,0,0
C,Ship,5,4,298.51963178465286,3,medium,M,9,4259.326385291115,City_5,1,1
A,Road,2,1,89.72225673422656,3,medium,F,11,2335.8838520227705,City_7,12,1
A,Flight,5,1,94.72424638214385,3,low,M,16,4883.2321466773365,City_6,12,0
C,Ship,2,3,63.05362332830769,8,medium,M,6,2400.73527394722,City_48,1,0
C,Ship,5,5,145.28233709989502,5,low,F,6,3692.9795023872484,London,18,1
C,Road,6,2,137.37029482687723,3,medium,F,6,4563.276554576478,City_47,21,1
D,Ship,5,3,10.380802872229722,9,low,M,10,5213.705880018736,City_29,23,0
A,Road,3,4,45.16332098439014,2,low,M,6,1662.075762339201,City_49,15,1
D,Road,5,4,153.5104447091842,2,low,F,7,4711.590107470698,City_30,11,1
C,Road,4,1,191.96490742709935,7,low,M,11,4861.724640050466,City_11,0,0
A,Flight,5,4,64.19264647182827,6,low,F,5,3442.98453184187,City_22,8,1
D,Flight,3,3,320.42410067349215,5,high,M,14,4090.90908943435,City_22,16,1
D,Road,3,4,355.0351984977965,8,medium,F,10,948.0282726586561,City_16,9,1
C,Flight,2,3,102.51723558314872,7,medium,F,2,1252.0196851920882,City_32,17,1
A,Road,6,2,139.27717146567596,2,medium,F,5,5108.532720008255,City_1,18,0
C,Ship,5,1,151.73919887850812,5,low,M,2,3461.104771014031,City_9,6,1
A,nan,2,4,204.5413487756511,5,high,M,6,3653.787768497861,City_26,18,1
F,Road,6,3,147.0584301036742,6,low,M,5,4234.676403694027,City_5,23,0
B,nan,5,5,163.35534107403603,9,low,M,11,3634.0677892231274,City_18,14,1
B,Ship,4,1,61.23417957100027,5,medium,F,4,3541.307866463051,Paris,8,0
B,Road,5,2,82.27324181737944,3,low,F,8,4394.48906191005,City_24,9,0
C,Ship,3,3,151.61697636907357,5,medium,F,9,2504.463742320612,City_0,22,1
F,Ship,3,2,168.75763357260675,6,low,M,8,5159.917651860594,London,19,1
A,Road,4,2,461.15875008358864,7,medium,M,13,3769.749975125647,City_8,19,1
D,Road,2,4,225.5606248990174,6,medium,M,20,2994.341499259127,City_35,3,1
A,nan,6,4,57.164295269292886,8,low,F,7,2859.790315477668,City_12,5,1
D,Road,5,3,129.88310495070604,6,medium,M,9,4042.651886455323,City_45,3,0
A,Ship,3,5,123.21673843121876,2,low,M,4,3693.642290221623,City_38,4,1
F,Ship,2,3,140.25821419355867,3,medium,F,4,2451.1599254812404,City_25,8,0
D,Road,4,5,185.64936649146702,9,low,F,12,3398.164894621864,City_7,11,1
C,Flight,3,2,109.70832789549753,2,medium,M,11,3190.8009971171837,City_20,22,0
A,Flight,4,1,377.42414189942536,7,medium,F,4,5261.85653652087,City_38,7,1
A,Ship,5,3,51.66840953193203,4,low,M,3,4130.452414971743,City_6,20,1
D,Flight,6,3,151.49521091262025,7,critical,F,5,5569.339428370558,City_12,4,1
C,Flight,3,5,514.9165267900995,3,high,F,6,3290.025775632742,City_3,10,1
C,Flight,3,2,95.95240267060056,5,medium,F,6,3708.86811125597,City_43,22,1
F,Flight,5,2,97.4899762985103,6,medium,M,8,4386.553225235714,City_15,10,0
C,Flight,2,5,492.7419770634958,4,low,M,11,4604.132610574034,City_42,12,1
C,nan,6,2,214.7864268009979,3,medium,M,9,4720.991072452965,City_43,13,1
C,Ship,3,4,156.7687764424813,2,low,F,9,3112.190447566524,City_47,7,1
B,Ship,6,1,155.4236536510133,6,low,F,2,3140.3208630094045,City_34,17,0
F,Road,3,3,348.40084344956875,7,critical,F,3,3644.5797285128233,City_37,18,1
A,Flight,6,1,102.5451684713567,2,medium,F,4,5480.906864085598,City_18,11,0
D,nan,4,3,49.22080449361294,3,medium,M,5,2999.3168165684638,City_28,11,1
A,Road,3,4,52.71837355323207,3,low,M,11,3473.0749938433455,City_2,17,0
F,Flight,6,2,209.23356373251596,7,medium,M,4,4729.857914423186,City_38,9,1
D,Ship,2,5,83.17296325217531,4,low,F,10,4676.35426474882,City_47,6,1
F,Road,4,4,185.86564781526005,7,low,F,4,4555.41836781792,City_27,17,0
C,nan,4,1,59.29734778381142,5,low,M,4,4080.843580779302,City_17,11,1
D,Ship,2,5,234.65197462654666,2,medium,F,4,2934.866378450264,City_7,13,0
C,Road,6,2,605.61093467124,4,medium,M,22,3309.2240710978645,City_48,14,1
A,Flight,5,4,200.46997390111184,6,low,F,4,5126.4901759289505,City_47,15,1
A,nan,2,5,2.2332914126315435,8,medium,F,10,4773.637333255741,City_43,1,0
D,Flight,6,4,383.67111799462236,5,low,M,3,2665.015092224534,City_8,17,1
D,nan,2,4,91.40847513509439,4,medium,M,15,4869.4576297048225,City_8,11,0
F,Road,2,2,30.0622937008211,8,critical,F,8,5308.778438764335,City_10,15,0
F,Road,3,3,16.963408372200405,8,medium,M,8,4053.830788713671,City_43,12,1
C,Ship,6,5,650.8609831885143,2,high,M,9,4426.281180679607,City_32,19,1
D,Flight,5,2,168.08099357628282,3,high,F,9,5011.485185576209,City_33,16,1
A,Flight,3,4,95.30823285532185,6,medium,F,11,3304.283603837598,City_20,17,0
F,Flight,2,2,120.96421501260211,7,medium,F,5,6329.5978046214805,City_20,2,0
F,Flight,2,3,30.70193361224601,2,high,M,5,5223.077978646533,New York,22,1
A,Road,2,5,188.17039306106307,5,low,F,7,4524.028147203462,City_26,9,0
F,Ship,6,3,248.66452556542092,9,low,F,10,3965.4921558152887,City_9,0,0
C,Flight,6,1,60.64033628174336,8,high,F,7,4494.777444613747,City_46,5,0
D,nan,3,5,206.02418737863317,5,medium,F,10,2439.717501335555,City_15,2,0
A,Road,5,3,741.4630157271686,8,low,F,10,6082.087767909618,City_12,18,1
D,nan,3,4,271.42542356163676,3,medium,M,6,5128.89157344235,City_24,3,1
F,nan,4,5,159.61043427882467,9,medium,F,3,5464.013596802255,City_7,19,1
F,Flight,2,5,51.64376843352243,3,medium,F,5,4030.7571636836924,City_18,22,0
A,Ship,2,2,286.36952213445574,6,medium,M,17,3639.710803920372,City_24,2,0
C,Road,2,4,219.14255281178794,7,medium,F,8,3325.692796649724,London,7,0
B,Road,3,1,92.1247841848739,6,medium,F,5,4813.574608846807,City_13,7,0
A,Flight,3,3,218.70393646731867,3,medium,M,8,3487.452920343729,City_41,6,1
B,Road,2,2,52.69013149503464,3,medium,F,10,3812.643066815293,City_38,1,0
B,Flight,3,3,177.06526824253282,5,medium,M,5,4546.39912667525,City_41,20,0
C,Flight,6,1,130.4599997508693,3,medium,F,13,3340.6716831636613,City_19,5,1
B,Ship,6,1,452.3348509279051,9,low,M,9,5043.94676398319,City_44,15,1
B,Ship,3,5,154.66554255771163,9,medium,M,4,3982.2589221101457,City_8,9,1
C,Ship,2,1,672.8610494312072,4,critical,F,11,2491.8806817040277,City_0,3,0
B,Flight,3,3,150.77163461440023,8,low,M,6,3329.997321231672,City_6,12,0
B,Road,3,4,221.542009522047,2,low,M,6,5308.185449970264,City_14,9,0
B,Flight,3,4,392.9230689964822,3,medium,F,4,3062.997486637617,City_17,20,0
A,Flight,4,5,277.38826058176255,6,high,F,10,4894.077487237619,City_24,13,0
A,Road,6,3,15.806917309888075,7,low,M,6,4121.673436694572,City_24,8,0
A,nan,5,3,220.123095651189,8,low,F,10,3828.299698270886,City_32,10,1
C,Road,5,1,210.15945381599076,8,low,M,5,6512.594150783274,City_24,22,0
F,Road,4,3,34.04052265618968,7,medium,M,5,2715.7837570703455,City_35,17,1
B,Road,3,2,306.9117687540686,7,low,F,5,3259.8663950102173,City_24,10,1
B,Ship,4,1,36.48728798890116,8,low,F,9,3976.5699310165924,City_30,16,1
C,Flight,4,2,241.08447472378808,4,medium,M,5,6415.749392050084,City_43,1,0
B,Ship,2,5,139.48500621569656,6,high,F,6,3978.898823207692,City_28,2,0
A,Ship,6,4,247.157327828738,4,medium,F,5,4274.252938555452,City_10,10,1
F,Flight,5,5,178.07497066887535,3,low,M,9,3664.1645004133643,City_18,17,0
D,Road,3,4,140.51769240141655,2,medium,M,3,4358.628578561904,City_8,2,0
B,Ship,5,5,156.13074917237233,7,critical,M,8,3726.182593363538,City_20,14,1
A,Flight,5,3,46.175134485584415,9,medium,M,17,4695.322604433255,City_2,10,0
D,Flight,6,2,316.39257212763437,6,critical,M,13,4774.187326485495,City_8,10,0
F,Road,5,4,57.78410697853562,7,high,M,5,3765.8948371718006,City_25,19,0
D,Flight,5,1,190.7230219020637,4,low,F,9,2874.519961903936,London,10,0
A,Road,4,2,183.07011653910018,5,medium,M,8,4093.5698470257357,City_42,18,1
D,Ship,6,1,316.74318750425647,3,low,F,15,5402.121748421167,Tokyo,0,1
C,Ship,2,2,106.19703406271528,2,medium,F,2,3173.3394062207904,New York,4,0
D,Ship,3,2,46.302637210921674,3,low,M,12,4333.9168903933005,City_49,9,0
B,Road,5,5,158.35104488978814,5,low,F,6,2794.2595699873827,City_14,9,0
B,Ship,3,4,212.67756263059005,2,high,M,5,2960.1926655234747,City_8,13,1
C,Road,2,4,155.26956067369224,5,low,F,5,5300.365835302988,City_34,1,0
A,Ship,3,2,327.35438690645344,3,high,M,3,4691.53338264928,City_19,3,0
B,Flight,2,3,151.516870425049,4,low,M,5,4348.965130038428,City_19,1,1
F,Road,4,3,18.646171251663944,8,low,M,4,1678.226735691705,Paris,17,0
B,Road,5,1,69.0149826681905,3,high,M,8,3447.107128563294,Unknown,12,1
B,Road,2,1,425.06771388926217,3,medium,F,9,4606.814003086687,City_32,18,0
A,Road,3,5,192.3566129149361,3,medium,F,6,2550.93449207901,City_48,4,1
D,Road,5,2,68.54693155267243,6,low,F,15,3646.1146100914034,City_20,19,0
B,Road,4,1,182.3534160186632,5,medium,F,5,4766.653710619317,City_34,1,0
C,Road,5,1,145.50962053902748,9,medium,F,6,2488.861286655194,City_32,10,1
D,Road,2,2,156.4805281727216,5,medium,M,5,2320.713413051203,City_32,17,1
F,Road,4,5,20.349280083747715,7,medium,M,9,2506.1718837558205,Tokyo,5,1
A,Road,3,1,205.50718982306608,5,critical,M,10,4334.485211611513,City_1,22,1
F,Road,4,5,38.17910391274039,7,medium,M,9,3443.0014711370977,City_24,9,1
D,Flight,4,4,64.05833655658115,6,high,M,6,4878.0486264631145,City_24,21,0
D,Road,6,5,70.85485054244674,4,medium,F,3,4121.0183852346145,City_13,22,1
D,Road,4,3,87.32286033895036,7,medium,M,6,5880.534717938041,City_33,16,1
F,Flight,4,3,160.95466136835543,3,low,M,15,2762.517801750652,City_29,21,1
D,Road,5,5,171.96304058343327,4,low,F,12,4331.771705109099,City_34,10,1
F,Flight,3,3,284.64865607396314,8,high,F,8,3204.78522897535,City_27,18,0
D,Ship,5,4,493.89822679635245,6,low,M,6,4600.212699148029,City_27,16,0
C,Road,5,2,350.58114033869487,5,low,M,7,4119.93589027284,City_8,23,0
D,Flight,2,3,60.931696850304476,7,low,F,6,3006.879176179619,City_32,3,0
F,Road,5,3,184.79704321145013,9,low,M,13,3842.847753891124,City_4,23,0
B,Road,6,5,334.1603593054865,3,high,M,4,4073.098077211651,City_22,13,1
D,Ship,6,4,283.2757364949044,2,high,M,11,3400.691060004775,City_8,19,0
B,Flight,2,2,503.89816430231747,8,medium,F,5,4727.167214983577,City_30,3,0
C,Flight,3,5,196.83628618347046,2,low,M,14,2968.9073833310854,City_32,13,1
A,Road,3,5,108.63337741370694,4,medium,M,9,6091.008558033163,City_10,3,1
C,nan,5,4,306.31067071738414,5,medium,F,5,4953.690300626855,City_15,5,0
D,Road,5,2,194.29282142253584,9,critical,F,6,4348.741119053537,City_22,8,0
B,Flight,5,4,239.3780328433214,2,medium,F,10,6845.31427469719,City_27,20,1
B,Road,3,2,428.8324280206898,4,low,M,5,3690.701174106735,City_0,11,0
F,Ship,4,4,201.00891325588717,6,medium,F,7,4611.375867564348,City_35,7,1
B,Road,6,5,345.78387360324115,4,critical,M,5,4222.6804635992075,City_9,23,1
F,Flight,4,5,108.00121429469019,8,medium,F,17,4797.467693207825,City_38,3,0
A,Road,4,1,69.60797127305095,9,medium,M,19,5496.116367066621,Paris,4,0
D,Ship,3,3,166.4432053314457,9,low,F,15,4548.949376611359,City_37,5,0
F,nan,4,4,149.67779605329673,4,medium,M,6,5041.793895315199,City_41,4,1
A,Ship,2,1,344.46521311185086,8,medium,M,6,3449.6120096534087,City_29,18,1
B,Road,5,3,448.3221671707696,4,low,F,5,3793.8498515362016,City_8,7,0
B,nan,2,4,440.4214072447977,9,medium,F,15,5638.287560263004,London,8,0
A,Flight,6,2,11.709030284284527,9,low,M,11,4596.85616352936,City_23,14,0
B,nan,5,3,55.18797914693086,3,low,F,12,4248.323644858188,Tokyo,3,1
A,Road,4,5,108.1513620312756,4,low,M,6,3246.7557909164825,City_20,8,1
F,Flight,6,1,110.86997590254492,7,low,F,3,4966.5960811349505,City_45,6,1
F,Ship,5,3,80.15417332892967,4,medium,F,3,3218.5345790175397,City_6,7,0
A,Road,4,3,109.74377821775259,9,low,M,7,2923.8341442298943,London,14,1
F,Flight,2,5,445.15976145968716,3,low,F,5,4114.925751028921,City_11,18,1
F,Ship,5,4,313.5849122835707,3,high,F,5,1597.5074664713093,City_29,14,0
F,Ship,4,2,85.77088091110407,6,medium,M,8,4611.076716370975,City_4,4,1
C,Road,2,5,135.15445881456054,8,medium,M,12,4376.944196741289,City_42,18,0
D,Flight,6,2,204.38186568227025,5,medium,F,5,3647.1964413641394,City_16,6,1
B,Road,6,4,23.408580622178153,2,medium,M,3,3737.8818414399625,City_35,5,0
C,nan,6,3,134.20116513345138,2,low,F,5,3880.6790953336013,City_37,18,0
F,nan,6,2,132.0314290377582,4,high,F,4,3210.872622452658,City_15,16,1
A,Road,3,1,128.2082325258189,6,low,M,9,4184.5726274982935,City_9,9,0
F,Flight,5,1,318.6506812746113,4,medium,M,7,3750.605069614485,City_29,18,1
D,Road,5,5,127.73535711318628,2,low,M,18,4112.452153288618,City_42,10,0
F,Flight,3,4,19.584031910493145,8,medium,M,10,3844.271414665257,City_15,14,0
A,Flight,4,5,337.6993281926156,9,medium,M,18,3647.4713275087524,City_15,9,0
D,Ship,4,5,95.82334699541289,8,medium,M,3,4278.492623437637,City_15,10,1
F,Ship,6,5,70.5315435353687,8,low,F,1,4781.0998429315105,City_38,22,0
D,Road,2,1,99.55188162260542,3,medium,F,8,3475.2308548321025,City_26,2,0
B,Road,4,1,455.43301569342674,9,critical,M,7,4395.473291645958,City_49,2,1
B,Ship,2,5,34.61361236182711,5,high,F,6,4519.430410514191,Unknown,17,0
F,Flight,5,1,223.61840567038143,9,low,F,7,2716.1361179934293,City_33,10,0
D,nan,2,4,111.14870337085647,6,low,F,4,4976.544475153808,City_3,19,0
A,Ship,5,5,217.67578059929951,3,high,F,9,6056.451330655989,City_47,21,0
F,Ship,3,1,39.65919868376347,5,medium,M,10,3911.9043093374544,City_12,17,1
B,Flight,3,2,139.79174727581437,6,medium,F,4,3828.80459129597,City_15,14,0
B,Road,6,5,134.78593054888884,6,high,F,6,3786.9938384046523,City_2,6,0
F,Road,4,5,134.7827947751965,2,high,M,6,4620.605754799304,City_38,9,1
D,Flight,6,4,45.361114132950156,3,medium,M,5,4510.778526649812,City_46,20,0
B,Flight,5,3,86.11021819844473,6,medium,M,4,2409.338797679146,City_28,22,0
D,Road,6,3,167.47931256201963,7,low,M,7,3133.878949765838,City_4,19,1
B,Road,2,4,8.545145290761047,8,medium,F,8,4507.312849891688,City_45,9,1
B,Flight,5,4,37.84137307537321,6,low,M,5,3854.978230120249,City_35,12,1
C,nan,3,4,152.74110582381007,5,low,F,4,2833.88209276048,City_18,14,1
B,Flight,4,3,182.81578343280424,2,low,F,9,5500.260180288017,City_34,22,0
A,Ship,5,4,119.23270187567012,4,low,M,5,3200.28673374202,City_18,17,1
F,nan,5,1,164.28912849525437,8,medium,M,6,4035.777121996928,City_26,22,0
F,Ship,2,5,92.60645112028392,2,medium,M,5,3828.4808885710268,City_27,3,1
D,Road,4,5,314.91658578389564,4,medium,M,13,2921.3111990494417,City_32,19,0
B,Ship,3,2,428.52699336031617,3,low,M,5,4184.954802180433,City_38,16,1
A,Flight,5,2,41.17828623167989,3,high,M,17,4392.106883499419,City_45,2,1
D,nan,5,5,78.54571570942201,6,low,F,10,3532.323968170372,City_43,20,0
C,Ship,2,1,295.30204240134833,7,medium,F,18,3663.8077356105177,City_28,20,1
D,Road,6,3,126.09683325194425,3,high,F,10,4600.487042762614,City_5,1,1
D,Flight,3,3,252.47070633617676,9,medium,F,6,2024.861734336612,City_25,3,1
B,Flight,4,1,833.7101290487219,6,medium,M,4,3154.996149752279,City_12,0,0
C,Flight,5,3,108.62862032305034,8,high,M,6,4213.434896532379,City_17,14,1
D,Road,5,4,128.41808987197035,2,low,F,15,3473.2612730098836,City_16,0,1
A,Ship,3,5,5.259354234662509,3,medium,F,7,3458.9709362705485,City_37,5,0
A,Road,6,5,409.11239016793337,9,medium,F,10,4901.692546196169,City_12,6,0
F,Ship,5,1,264.60284488817604,2,low,M,8,3366.6757179623182,City_34,18,1
C,nan,3,3,282.53127372939076,2,high,M,8,5979.1782511138235,City_41,11,0
C,Flight,2,2,188.03051802251025,7,high,M,8,2245.487422111082,City_35,0,0
F,Road,6,2,123.60646205586785,3,medium,F,9,1788.0061667779319,City_41,6,0
D,Road,4,3,325.91454155179696,2,low,F,4,4878.936161468458,City_33,18,1
C,Road,5,2,54.486969320199286,7,low,M,6,3016.0487406279517,City_14,12,1
A,Road,3,1,363.0434701929816,7,medium,M,8,3032.926411727006,City_7,11,0
A,Road,2,1,89.19711899924326,3,low,F,8,4984.7332738196765,City_39,11,1
B,Road,4,3,125.27433603508318,7,medium,F,5,3502.7314139535392,New York,21,0
C,Flight,3,2,174.34522561375536,3,medium,M,9,4910.361815864905,City_46,12,1
D,Flight,3,1,173.51261400786586,9,medium,F,5,3389.5880572475407,Tokyo,13,0
F,nan,4,1,238.40200960243365,3,medium,M,4,4362.5315219753065,City_18,21,1
F,Road,2,4,49.68813473304928,4,medium,M,8,3488.577520021579,City_30,11,0
D,Road,2,4,161.8959136394544,2,low,F,4,3080.1877241297116,City_30,19,1
B,Ship,6,1,224.46177605111765,9,low,F,8,5730.601357534718,City_39,11,1
F,Flight,5,3,46.27306460712965,5,medium,F,2,5116.462176359826,London,5,0
C,Flight,4,5,128.3017684546571,3,medium,M,5,3273.35931706732,City_22,9,1
B,Road,4,5,431.96778905971576,2,medium,F,6,3821.6039631855615,City_20,19,1
C,Ship,4,1,113.82885880405624,8,medium,F,3,5476.2267984112805,City_17,23,1
A,Flight,2,1,313.44368523486617,7,critical,M,6,3011.7795849384784,City_9,8,1
B,Ship,5,1,156.877523975287,6,low,M,13,3065.8919631919116,City_30,1,1
F,Flight,6,3,512.3435451004509,3,low,F,3,4470.060472304855,City_21,6,1
B,Ship,3,4,145.63348407019404,7,low,M,6,6270.494560261221,City_0,8,1
B,Flight,3,1,171.82628467488198,7,medium,M,17,4053.8315518674494,City_29,11,1
B,Road,4,1,319.52064136733145,7,medium,M,4,5049.8112394867,City_33,4,0
B,Ship,5,2,73.7811438032998,7,high,F,14,2982.560243711332,City_32,0,1
C,Ship,2,3,105.20922445429568,7,medium,F,6,4361.052341936033,City_29,21,0
A,Flight,5,1,604.5154106681327,3,high,M,7,3640.385288148439,City_30,14,1
D,Flight,5,2,94.50844289046816,8,high,M,14,5866.625078626749,City_4,7,0
B,Ship,2,5,180.42584834145902,5,low,M,5,5598.69084441313,City_24,0,1
F,Ship,4,1,241.3209054606535,4,medium,F,10,6279.416736851363,City_47,17,0
B,Road,5,1,478.2381704211106,7,medium,M,11,3304.510710902592,City_35,12,0
F,Flight,3,2,27.29240963736681,7,low,M,5,4035.4982074059417,City_32,0,1
C,Road,2,3,61.496590028554145,4,medium,F,5,4375.166924324061,City_23,4,0
F,Road,6,1,280.79720799029866,8,medium,M,6,3343.532363674116,City_46,17,1
D,Road,4,5,485.54911332263896,9,low,F,6,4131.055199727403,City_37,15,1
A,Flight,2,1,282.2231649953551,8,medium,F,4,4908.97803635883,City_33,9,0
F,Ship,6,5,53.47871926334906,9,medium,F,5,3449.6344722684958,City_44,3,1
F,Flight,6,4,106.53483040676552,3,low,M,1,3296.6435402629745,Tokyo,0,0
A,Flight,5,4,277.2635211822972,2,medium,M,6,3230.344223830133,Unknown,22,0
D,nan,5,5,65.05959278750035,6,low,F,11,2656.2976152113124,Tokyo,7,1
B,Flight,5,3,380.4262776740276,6,medium,M,3,4853.992867093518,City_30,4,1
F,Ship,2,1,174.65697292083163,2,low,F,5,3294.3316642741197,City_39,1,1
A,Road,2,1,43.02119819945542,3,high,M,25,3188.8926697511997,City_10,23,1
C,Road,4,4,254.91636031182838,6,medium,F,7,4529.069835172741,City_19,16,1
A,Ship,5,5,135.15067294189237,8,low,F,14,3989.383979117486,City_8,6,0
C,Flight,6,1,104.76109908128646,4,medium,M,4,3474.469639894903,City_5,16,0
D,Ship,3,1,69.9228128462105,2,medium,M,9,4810.628810666002,City_23,5,1
B,Ship,4,3,129.25185340468133,8,medium,M,4,3434.5538680925765,City_28,21,1
A,Flight,2,2,142.36464580128415,5,medium,M,9,1823.0490277060549,City_16,14,1
F,Ship,4,4,194.64775984672386,3,medium,F,11,5333.242988705813,City_8,4,0
D,Flight,4,4,65.63530713344696,2,low,F,9,3171.8045243106717,City_18,14,0
A,Flight,4,2,76.19866239744078,6,low,M,6,3281.045821144735,City_33,17,0
F,Ship,4,1,415.4361373804371,3,medium,M,8,3285.4629390219507,City_20,17,1
A,Flight,3,3,46.41046438853314,4,medium,F,8,4059.600988974636,City_37,20,1
C,Ship,5,3,302.37649144699924,3,low,M,10,3725.7575427937095,City_30,20,0
A,Road,6,4,29.104769337343377,3,high,M,6,4988.071112858139,City_33,22,1
A,Road,4,3,296.17713480190173,4,low,M,11,5645.113992510404,City_10,5,1
A,Flight,4,2,36.68814677866066,7,medium,M,15,3320.8005215676326,City_32,1,0
D,Flight,4,1,300.09401334278664,4,low,F,6,3061.9925759682496,City_26,16,0
A,Flight,5,2,121.90170931393132,8,low,F,7,3478.0986253128294,City_0,20,1
F,Road,2,5,119.82735521078385,3,high,M,4,4439.058291320303,City_28,3,0
C,Road,2,4,584.6676330552646,9,low,F,8,3883.6390312374183,City_2,11,1
C,Flight,3,3,45.033440070949,4,medium,M,8,3499.5884897904857,City_24,18,0
A,nan,2,5,121.35176294034386,7,low,M,7,2702.989503233537,City_21,1,0
D,Flight,4,3,223.72891689707947,8,medium,M,7,1791.111157199568,City_1,1,1
D,Ship,4,1,258.4257601742817,9,high,F,19,2995.282444798567,City_21,13,1
F,Road,4,1,485.70989353944987,9,low,F,1,5264.4158618518795,City_19,14,0
A,Road,3,1,34.1838309045675,2,high,F,5,4435.992773064197,City_40,19,1
C,Road,4,3,440.0743100780878,4,medium,F,6,3808.4646772624665,City_35,1,0
D,Road,2,5,65.94589398365389,4,medium,F,15,4729.78679655739,City_9,3,1
A,Ship,5,1,74.74127317698198,3,medium,M,9,2712.116844898581,City_19,18,0
D,Road,5,5,329.81524168395094,8,high,M,9,4056.750051555622,City_16,8,0
D,Flight,6,3,387.9825227387394,2,low,F,13,2213.6448756600576,City_12,6,0
C,Road,2,5,80.54763720594448,5,low,F,6,4346.019026153483,City_6,12,1
B,Ship,4,3,269.78059999397425,5,high,F,10,4259.515176045428,City_17,11,0
F,Road,5,3,121.06325053669384,6,medium,M,5,4283.308223188648,City_45,2,0
F,Ship,2,4,146.93120594182105,4,low,F,4,5167.618079959826,City_39,12,0
C,Road,5,3,120.92536642880079,4,medium,M,18,4775.99479652911,City_33,14,0
D,Ship,4,3,45.37016551690613,2,medium,M,8,2791.0863846727357,City_19,13,1
A,Road,5,2,168.65813032253624,7,medium,F,10,5182.719327880678,City_4,23,1
D,Flight,6,1,102.60443091983282,5,low,M,4,3790.5480516813363,City_24,8,0
C,Flight,6,4,377.38221381412626,6,medium,M,9,2029.8514983354655,City_4,12,0
F,Flight,5,4,236.72932798213986,2,low,F,17,3891.2443750921952,City_28,22,1
D,Flight,2,4,305.3193997557771,4,medium,M,6,4647.129090142345,City_40,21,0
F,Road,2,2,132.78315903153518,5,high,F,3,2986.1481030540476,City_7,3,1
A,Flight,2,3,120.00979501431945,8,medium,M,8,5332.858243707189,City_48,20,0
F,nan,5,1,147.50125669474897,6,low,F,4,3076.683440847837,City_23,7,1
F,Ship,2,5,559.5180209110473,3,low,F,3,3518.9080424643794,City_32,2,0
B,Flight,4,3,64.69066311310044,5,medium,M,5,3335.262464258931,City_35,1,1
B,Road,6,2,122.81118779949173,6,medium,F,5,2291.023788820191,City_39,18,1
B,Road,4,3,114.9978497612891,2,low,M,4,3006.8663772796353,City_3,22,1
F,Ship,2,3,296.799128706211,3,medium,M,14,3288.1406954942304,City_7,7,0
C,Ship,4,2,172.62535664093545,6,low,F,19,3869.8944661536166,City_31,16,1
F,Road,2,4,98.02938306583901,6,low,M,10,998.5255081188975,City_8,12,1
C,Flight,5,4,342.53914901772737,9,low,F,8,4716.553023359828,City_31,6,0
C,nan,4,1,382.96141836287217,9,low,M,6,4706.673701443671,City_3,8,0
B,nan,5,1,415.5827340588298,9,low,M,4,5181.4612455893775,City_2,11,0
D,Road,5,4,134.50467008233483,4,medium,F,16,2508.3445219165988,City_33,13,0
A,Flight,3,5,233.89197669948604,7,high,M,7,3707.168580168164,City_34,13,1
B,Road,2,3,124.4313221886171,5,medium,M,5,4941.435620149558,City_48,14,0
B,Flight,6,5,210.36237692206478,4,low,M,12,5027.495817727876,Paris,2,0
D,Flight,2,3,224.94181130810472,8,low,M,7,5478.930938252555,City_49,14,0
A,Flight,6,4,120.7664584959111,3,low,M,12,4102.71497457221,City_41,18,0
F,Ship,2,1,147.8210842680919,7,low,M,6,3944.0261420581464,City_34,23,0
F,Road,5,1,83.11307994011172,6,medium,M,12,2442.05080381166,City_27,19,0
B,Road,4,5,63.86111039824765,4,medium,M,12,5064.87619422731,City_26,13,0
A,Road,4,1,164.8203728733761,9,low,F,14,3539.685758333953,City_1,7,1
B,Ship,3,4,150.42598325810297,7,low,M,5,4033.94097743573,City_13,4,1
C,Ship,6,5,120.95243329360382,8,low,M,7,3967.1705727560225,City_28,18,1
B,Ship,6,3,272.93772092865225,5,low,F,19,1605.347741567913,City_8,3,1
B,nan,6,1,171.090438957617,8,medium,F,6,3188.5442759632833,City_44,13,1
F,Flight,5,2,189.43947382884173,3,low,F,11,4453.8813700365135,City_41,15,0
F,Road,6,1,438.58089576281645,2,medium,M,23,3951.4141972188163,City_40,19,0
F,Ship,4,3,404.4517960392364,4,medium,F,2,4461.82297583641,City_13,23,0
C,Ship,5,5,246.40868584374164,9,high,F,6,4783.846940311385,City_45,5,0
F,Road,2,3,327.5673192974695,3,high,M,7,3176.759419357519,City_48,22,1
A,Ship,6,2,27.864308173476676,2,medium,M,3,3484.849719354195,City_20,5,1
D,Road,6,4,275.1834421798763,9,low,F,5,3858.8128744411997,City_11,2,0
A,nan,2,1,147.98667469569162,9,medium,F,4,4773.498954544157,City_48,14,0
A,Ship,6,5,268.57418136592923,9,medium,M,11,3765.90196179304,City_22,2,1
F,Flight,2,4,84.80904643647257,4,low,M,3,2218.902845971124,City_13,10,1
D,Ship,5,3,117.72534555088454,3,medium,M,19,3801.8171286549327,City_21,2,1
D,nan,4,5,108.71843647165045,9,high,M,10,4733.270450968705,City_42,9,0
D,Flight,2,4,141.19109437513177,8,medium,M,4,5357.019422818297,City_46,17,0
C,Road,3,5,285.1269411458894,3,low,F,12,4280.575924184774,City_13,0,1
F,Road,2,2,65.36160716538345,7,low,M,9,2514.003323600702,City_27,15,1
D,Road,6,2,155.49071054465372,8,medium,M,7,3593.629254184936,City_45,15,0
C,Flight,5,1,184.14248058066906,4,low,M,5,4475.057147689202,City_1,9,0
B,Road,5,1,49.62600241005564,9,medium,M,9,4866.214758157271,City_23,0,0
B,nan,2,2,181.0019221454945,3,medium,M,7,4507.071587223145,City_49,3,0
C,Flight,4,5,94.17559568419955,6,low,F,5,3748.3924619518075,City_37,2,1
C,Flight,3,2,150.53179305676923,4,high,M,3,4858.515429775601,Unknown,4,1
F,nan,5,1,347.8258530626808,3,medium,F,4,3359.434907404934,City_24,11,1
F,Flight,6,2,148.98769706356364,7,low,M,5,4184.649072874137,City_43,11,0
B,Road,6,2,383.7865399275172,9,medium,F,13,4749.787411906735,City_37,12,0
D,Ship,4,5,125.55096037047315,2,medium,F,11,4576.635807003567,City_2,23,0
B,Flight,5,4,79.84516904844055,9,medium,M,5,4599.094970225274,City_36,11,1
D,Road,2,1,224.32523764462172,2,high,M,6,4573.914993620172,City_6,15,1
D,Ship,6,5,194.17524556125153,6,medium,M,12,2951.3061227073695,City_36,12,1
F,Ship,4,2,246.9025680890257,4,high,M,8,4017.557549929825,City_7,4,0
A,Ship,5,2,112.71069595261916,7,medium,M,8,3090.7545415579416,City_20,23,0
A,Ship,5,4,270.9063312045735,3,medium,F,5,3710.5259436470005,City_12,3,1
C,Flight,5,1,83.50058678759214,3,critical,M,6,2831.1600699958076,City_36,20,0
F,Ship,5,1,795.572755242547,2,medium,M,7,4344.966706351955,City_45,14,1
D,nan,5,3,273.54870186633474,7,low,F,7,2034.8482528193854,City_46,11,1
A,Flight,6,1,298.30506778154677,8,medium,M,10,4617.281192608465,City_43,18,1
D,Road,4,4,312.0608850597053,6,medium,F,10,4015.3477878190315,City_14,20,1
A,Ship,5,3,285.6141302415735,2,low,M,4,5902.159644077534,City_10,18,0
A,Road,3,3,68.48156387904521,2,critical,F,5,3795.3998479787883,City_31,20,0
A,Flight,3,2,183.68050656298266,6,low,M,5,3795.1033028046845,Paris,10,0
F,nan,4,2,139.4836834606595,4,low,F,14,4682.532282529407,City_21,20,0
B,Ship,2,1,205.94312935029654,3,high,F,22,3853.507285421559,City_9,5,0
D,Flight,2,3,189.44036921813642,4,medium,M,5,4274.832807299922,City_28,8,0
F,Flight,2,2,79.93739349428829,7,low,M,6,4994.40004208858,City_39,0,1
F,Flight,3,4,318.6099398832967,8,medium,M,11,3732.4851623591203,City_16,11,0
F,Ship,2,2,486.47806583658974,9,medium,F,5,5195.260169031468,City_34,13,0
F,Ship,6,2,127.34698714365966,5,low,F,11,2320.866144485384,City_17,5,0
F,Road,5,3,210.19737721934004,5,critical,F,7,5603.479876354824,City_43,0,1
C,Ship,3,3,228.62638838317514,5,medium,M,3,2211.833918554667,Tokyo,21,0
D,Flight,4,5,105.44734108832515,6,medium,M,3,5352.187311697518,City_45,1,1
F,Road,4,4,172.07625216758794,2,medium,F,6,2133.537531695798,City_48,23,0
D,Road,5,3,29.45658206762384,8,medium,M,13,5980.584118409789,City_35,10,0
C,Flight,3,1,236.80348982667132,4,low,F,4,4160.876213579891,City_17,2,0
C,Flight,2,4,337.00045324976435,9,low,M,5,3055.1157674161486,City_41,9,1
D,Flight,2,4,132.38995976484455,3,medium,M,8,5865.11976685514,City_3,5,1
A,Road,6,3,118.59357313380275,5,high,F,3,2911.129927607358,City_18,5,0
B,Road,6,4,303.3490204238678,4,low,M,8,3772.6461205134533,City_15,19,0
A,Ship,2,3,46.6702329519266,5,medium,M,3,6604.712290979356,City_35,20,0
A,Road,4,2,188.15173925085125,8,high,M,9,4395.538154510909,City_40,1,1
A,Road,4,5,98.96628317165235,5,low,M,4,1973.9852022179898,City_49,23,1
F,Ship,6,2,51.938656403027814,3,low,M,4,3726.7077826270133,City_47,9,0
C,Road,5,3,258.926863845155,9,low,F,8,3638.2405374909413,City_10,22,1
A,Flight,2,3,291.7043191882185,7,medium,M,10,4188.51687656417,City_49,5,1
C,Flight,6,2,69.76719548326986,7,low,F,8,3955.5570281387104,City_19,22,1
D,Flight,6,1,313.7076389276899,8,medium,M,8,4545.850497833593,City_20,16,1
B,Flight,2,1,233.28650250280973,7,medium,M,8,2471.9457492080655,City_43,13,0
D,Ship,2,1,70.85905365208492,6,medium,F,8,3452.0969598144966,City_39,4,0
D,nan,4,3,54.99020609545562,2,low,F,9,4311.843632031901,City_3,22,1
F,Flight,5,4,499.1956150661715,6,medium,M,6,3237.8581925634235,City_9,16,1
B,Flight,5,3,145.81985356516319,4,medium,M,10,5095.943583457947,City_33,1,1
D,Ship,2,4,39.22494232024019,6,high,F,4,3257.8631574652386,City_27,8,0
D,nan,3,2,155.52277952929398,4,high,F,12,4143.329089336658,New York,11,0
B,Ship,6,5,126.3429203159961,4,medium,F,10,3895.0430348907767,Unknown,18,1
B,Ship,6,4,166.8906714407403,2,medium,F,21,2985.319126432677,City_3,21,1
D,Flight,2,1,178.17328484248748,3,low,M,9,4060.4909952115754,City_38,6,1
B,Flight,3,3,126.66604115136151,9,low,M,11,2688.067845115921,City_0,8,1
D,nan,4,2,465.15753980472095,8,low,M,3,3556.388773225398,City_22,20,0
D,nan,2,1,138.11750873510192,2,medium,M,11,4030.274154495305,City_39,15,0
F,Flight,2,2,45.44824528503141,8,low,M,13,2572.661810926643,City_20,19,0
A,nan,6,5,509.42037630304543,7,low,F,15,4623.501640920523,City_22,10,0
D,Road,2,3,71.64891615554212,7,critical,F,7,4260.374668509461,City_34,11,0
C,Road,2,3,97.5321879927044,6,low,F,6,4532.000776288724,City_9,14,0
A,Ship,2,5,267.99377090713375,4,low,M,4,4002.4690761400534,City_0,17,1
A,Ship,6,3,93.4513277575055,5,low,F,4,2849.316418708224,City_21,18,1
A,Ship,4,4,81.29449428831616,5,medium,M,7,3999.9271480875236,City_32,15,0
F,Road,4,2,292.1841831428202,8,medium,M,3,4623.097083649424,Tokyo,14,0
D,Flight,2,1,231.89169222490787,4,low,M,5,2809.691210533735,City_5,4,0
F,Flight,6,5,395.52754826469953,8,medium,F,7,2889.173983412055,City_15,10,1
D,Ship,4,4,168.5443506857749,2,medium,M,7,3753.9156140488903,City_24,14,1
F,Road,4,1,9.58803018560231,3,high,M,4,3628.670464967673,City_12,17,1
F,Flight,4,1,84.57286667848784,9,critical,F,3,3983.836165381234,City_29,12,1
C,Road,6,5,611.6447526703236,2,high,M,4,3708.302054296053,Paris,3,0
F,nan,6,4,246.4605987495117,4,medium,F,6,4159.999545797187,City_6,16,1
B,Flight,2,1,310.8763418883482,4,low,M,21,5221.818019449358,City_21,3,0
C,Road,5,1,549.1017162482433,3,low,F,12,4538.388388597357,City_47,15,1
F,Ship,4,4,271.1509510462133,8,low,M,8,4056.1516543364173,City_24,22,1
A,Road,5,3,246.10993532739295,6,medium,M,9,2893.288453054228,City_15,14,1
B,Flight,6,1,316.75822249685297,6,high,F,12,3278.0134122244604,City_32,13,1
B,Road,6,2,233.45617726585428,3,medium,M,10,4841.7341790468445,City_15,11,0
B,Road,6,4,157.43791911776256,6,low,F,6,3531.5146061416826,City_32,2,0
C,nan,5,1,185.15479600092405,5,medium,M,4,3032.2478715062875,City_34,9,0
F,Road,6,5,272.8662643445843,6,high,F,6,6098.033118778794,City_9,7,0
F,Ship,2,2,76.26677889622154,6,medium,M,12,5524.459373926677,City_12,5,0
A,Road,6,1,259.47269054944286,6,high,M,6,3875.5465808671447,City_46,21,0
A,Road,3,2,213.4608522760936,5,high,M,4,2917.335498431261,City_23,13,0
B,Ship,5,2,10.235120899351449,8,high,F,3,4723.358847272947,City_42,16,1
A,Flight,3,3,89.8031338782208,6,medium,F,6,3509.932001670876,City_32,20,0
C,nan,6,2,148.30389065553825,7,medium,F,4,4888.5327628120485,City_15,18,1
F,Road,2,3,80.096555764042,5,low,F,5,3510.946589237373,City_11,15,0
B,Road,4,4,409.8030136408248,3,low,F,15,5645.395567895256,City_35,14,1
A,Flight,6,3,41.887331364085234,2,medium,M,7,3481.2583686041526,City_45,14,0
C,Road,2,5,196.98411998792403,3,low,M,5,6364.733484603599,City_12,0,1
C,Ship,5,1,128.82335695291172,2,critical,M,8,4195.057784879682,City_49,23,0
A,Road,3,4,349.06074752743086,9,low,M,19,5384.30563405444,City_31,22,0
F,Flight,3,4,84.97500392863539,3,high,M,6,3459.899640990133,City_32,22,0
A,Road,3,5,129.20763317471642,7,low,F,2,2688.649747991819,City_6,11,0
B,nan,5,3,70.3108770763256,2,low,M,10,1693.7771956431052,City_5,9,1
A,Flight,2,1,292.79077299017956,2,high,F,8,5276.603838080031,City_42,13,0
C,nan,5,3,73.30829352174038,4,low,M,7,4068.0139099760413,City_46,9,0
A,Ship,3,2,346.3294048883809,2,low,F,6,2752.4245494782917,City_43,9,1
F,Road,6,3,166.75835977674058,2,low,F,4,5318.203051085856,City_14,19,0
D,Road,4,4,145.02690254937787,4,medium,F,15,5155.994016760827,City_3,10,1
A,Ship,5,1,148.71197344529145,6,low,M,2,5382.385840370535,New York,21,1
F,Road,5,3,125.8789195589166,6,medium,M,6,2660.213971557141,Paris,15,0
F,Road,2,1,567.3974685666301,4,medium,M,6,5246.411301045753,City_15,8,0
C,Ship,2,1,150.59331129477263,5,medium,M,11,4384.041975675543,City_17,14,1
F,Ship,5,2,116.60266012431283,9,medium,F,13,5427.623037307577,City_3,13,0
F,Road,3,2,233.7835783512599,2,medium,F,6,4542.731164544382,City_48,18,1
F,Road,4,4,100.34118149004286,2,low,F,8,4173.015562847638,City_13,8,0
F,Road,2,5,27.45103039654492,4,high,F,8,5259.985234462219,City_39,3,0
B,Road,3,1,240.99689442531024,4,low,M,12,4851.899438184317,City_49,20,1
B,Ship,6,5,231.91069092105582,5,medium,F,12,5081.765598773033,City_40,6,0
C,Road,2,4,30.9339049201317,7,medium,M,5,3511.9525993492125,City_46,21,0
A,Flight,3,1,342.10977171926214,6,high,F,9,3827.5906260055217,City_13,7,0
F,Ship,3,1,124.57015481458087,3,medium,F,8,2266.1864077533355,City_17,23,1
A,Flight,4,5,476.1581725257497,7,low,F,6,3439.875930933405,City_21,7,0
A,Ship,4,3,407.2329319134124,8,medium,M,8,4790.393538638969,City_21,18,1
C,Ship,6,2,25.10289322509954,6,medium,M,7,4564.1878175983875,City_33,14,0
F,Ship,3,3,612.092664997824,2,low,F,7,3020.4678900696936,City_30,15,1
F,Road,3,5,135.73001456097802,8,medium,F,3,5282.345420235093,City_6,21,0
D,Ship,4,2,120.09465966964059,7,medium,F,4,6973.075285370285,City_49,22,0
A,Ship,2,3,751.1354900673159,4,critical,M,11,3097.275545421356,City_21,8,1
A,Flight,2,2,176.80771155312456,5,medium,M,4,3794.1181979561293,City_40,11,0
B,Ship,5,1,70.37864996084869,6,low,M,9,3378.4045744485743,City_28,15,1
D,Flight,4,3,99.30127930990318,5,low,F,7,3905.114243806925,City_27,3,0
B,Flight,5,2,319.1909459258707,8,high,M,12,4273.906000481823,City_22,4,1
B,Road,4,2,453.2893591361111,6,high,F,10,3302.6670614124737,City_25,7,0
B,Road,6,2,332.745860544135,9,low,M,5,3723.0802059281664,City_26,0,1
C,Road,3,3,97.99734388758895,9,low,F,6,4087.243198592776,City_44,5,0
C,Ship,6,4,154.0492528927854,7,medium,F,2,4471.601966007553,City_14,14,1
B,Ship,4,3,63.232487130221905,2,low,M,6,5466.49290498534,City_34,3,1
D,Road,3,5,34.422234839351766,9,low,F,3,3985.52114133525,City_29,20,0
A,Ship,2,3,554.2094427538289,9,low,F,6,3438.1643648103413,City_25,10,1
D,Ship,2,2,157.47581078064363,3,low,F,5,4696.339147698877,City_25,4,1
F,Flight,5,1,224.16812088965264,5,medium,M,4,4400.172878972809,City_32,17,0
C,Ship,4,3,145.01883091743528,5,medium,F,13,3807.1724041752705,City_16,23,0
A,Ship,4,3,217.8718244052254,9,low,M,3,4485.016724826827,City_39,14,0
A,Ship,2,2,349.52411509393716,3,low,M,4,3616.8514212741557,City_35,17,0
F,Ship,6,1,615.1428703967365,5,low,F,5,3469.615980945567,City_3,19,0
F,Ship,3,1,419.8774158141049,5,medium,M,5,2100.682845206841,City_46,12,0
B,Road,6,5,138.2417610111971,6,low,F,4,3672.076892604422,City_3,4,1
C,Road,6,3,93.73199346076721,6,medium,M,6,2237.4770191494604,City_9,0,1
C,Road,2,1,246.35626581434153,3,medium,F,8,3360.5961511640303,City_7,21,1
D,Road,2,1,280.89858891982317,8,low,M,10,4579.480736597322,City_16,17,0
B,nan,2,4,116.88075331385114,2,low,F,10,2494.8303261644,City_10,13,0
B,Flight,5,4,89.30042605785353,7,low,F,2,3810.1550558336344,City_26,4,1
B,Flight,6,1,241.13729261566456,9,medium,F,8,4065.473667767299,London,5,1
B,Flight,4,5,299.5196111699137,9,high,F,9,3761.405795668766,City_20,23,0
C,Road,3,1,62.061559683067635,7,low,M,5,3518.6651727595063,City_8,15,1
C,Road,5,2,75.6816745846193,9,high,M,17,4325.388813552639,City_32,21,0
B,Flight,4,3,175.98714881361198,9,low,F,12,4464.099200566603,City_28,20,0
D,nan,6,5,75.68804059329453,8,high,M,6,4001.526128539629,City_2,11,1
A,Flight,2,2,253.3342990931028,5,medium,F,5,3574.239082197072,City_30,19,0
A,nan,6,5,247.13189999832085,2,medium,F,16,4864.7359330501085,City_15,17,0
D,Ship,3,2,247.75105988261456,9,medium,M,7,2689.2599397517497,City_40,1,0
B,Flight,5,3,78.59828019098114,3,medium,M,7,4687.37855847522,City_37,22,0
C,Ship,5,3,68.08854685921222,8,high,F,7,4419.6943913216555,City_22,20,1
A,Flight,3,4,196.68311983396845,9,medium,M,23,4199.026843813269,City_40,22,0
F,Flight,4,2,105.52635888690378,3,medium,F,6,3990.1045042733554,City_38,12,0
F,Ship,4,4,67.43528295904336,6,low,M,7,2110.0312010876514,City_42,16,1
D,Road,5,2,105.78944831842966,5,low,M,4,5387.3523620117285,City_0,16,0
B,Ship,5,4,39.07211346013992,4,high,M,6,4838.671048885191,City_14,15,0
A,Ship,2,3,295.92452235355535,9,medium,M,4,3038.6098241056943,City_25,20,1
B,Road,4,5,255.84559525303013,3,medium,M,4,4758.809685015622,City_27,17,1
A,Road,3,4,185.61681780904115,8,medium,F,2,4188.839699523621,City_38,7,0
D,Flight,4,2,125.2686701632566,5,high,M,11,3416.9979705435494,City_1,2,0
D,Ship,2,2,207.78975708366576,2,medium,M,7,5191.793717389547,City_2,16,1
F,Flight,5,3,37.616284958994534,8,medium,F,8,3569.1607411591303,City_3,17,0
B,Flight,5,2,83.16489045686714,6,medium,F,7,5356.12659959622,London,22,0
F,Road,2,1,118.95019480998606,7,low,F,7,4534.2803649501275,City_11,5,0
B,Flight,3,5,294.8890627551436,9,low,M,16,4956.558726424354,City_46,7,1
F,Ship,5,4,185.16601099211377,2,high,M,5,4579.085373073448,City_39,22,0
C,Road,6,5,109.67887762265416,3,low,F,8,4532.730787759542,City_31,12,1
C,Flight,5,3,55.79364717674862,9,high,F,8,4215.230431646433,City_36,7,1
C,Ship,6,4,387.23974645824006,3,low,F,13,3273.181052944731,City_38,18,1
C,Flight,2,4,36.93021200556911,2,low,F,9,4062.525722344808,City_11,5,1
A,nan,2,1,373.00362938952236,3,high,M,9,4916.390844041167,City_47,22,0
C,Ship,5,3,148.15669999856632,8,medium,M,3,4719.259711585617,City_32,14,1
D,Road,4,2,118.46595072434023,5,low,M,4,4501.253464860298,City_29,9,0
D,Ship,6,1,357.05696232402937,3,medium,M,4,1904.2466869040022,City_41,16,1
A,Flight,3,1,115.86842315473498,6,medium,M,2,3786.775881092742,City_33,0,1
C,Road,5,5,401.9530856352894,5,medium,F,9,3681.710778650197,City_24,6,0
C,nan,3,5,220.65014880697075,8,low,M,6,2896.742431938387,City_0,12,1
C,Road,5,5,510.2156318724037,9,high,F,9,4903.757621137267,Tokyo,2,1
F,Road,4,1,139.26263719339676,4,high,F,7,1974.6913068904512,City_45,18,0
B,Road,4,2,79.85518294684067,9,low,F,8,4836.635747901312,City_31,14,1
F,Flight,4,4,394.88259144233615,3,high,M,14,5329.238249403229,City_29,4,1
B,Flight,4,5,49.41963988570713,3,high,F,7,3790.1582617311315,City_3,10,1
C,Road,2,2,132.16325444500188,6,medium,M,10,3925.661056022319,City_0,21,0
C,Ship,2,3,225.83812352102228,8,medium,F,6,4967.559235693338,City_7,17,1
F,Road,6,5,191.85272121807407,6,low,M,11,3236.345346575668,City_16,2,0
F,nan,3,4,344.5063611264447,7,low,F,3,4660.776476772457,City_22,5,0
B,Ship,5,3,374.46413756318617,8,medium,M,2,3082.1856523235674,City_24,2,0
D,Flight,5,3,174.4393100439964,2,high,F,21,2782.558094380633,City_46,4,1
B,Road,2,4,96.19864074856271,2,medium,F,18,4295.990726649869,City_30,8,1
F,Flight,5,5,81.29034780851697,2,medium,F,2,3973.313018705464,London,18,1
F,Road,2,1,71.63584240176594,6,low,F,7,2278.99568882902,City_30,12,1
A,Ship,6,4,142.3098867051161,2,low,M,7,5415.3109524196225,City_2,5,0
F,Road,3,4,63.609736406331905,8,medium,M,10,3585.2829616163563,City_39,10,0
A,Flight,6,4,92.12525460672101,2,low,M,17,4510.679919359052,City_36,20,1
D,Road,4,3,217.78475982072405,4,medium,F,4,5605.18325133315,City_44,20,1
B,Ship,4,2,197.2714907807036,2,low,F,4,4247.604376279362,City_3,13,0
B,Ship,4,1,227.5657682609553,3,medium,F,7,5273.292065867091,New York,5,1
A,Flight,6,5,289.7449752721206,7,low,F,4,3136.9459536550175,City_7,5,1
B,Road,5,5,118.66573161502525,6,medium,F,1,5420.985353830048,City_44,16,1
F,Road,3,2,320.65569452867726,5,medium,F,6,3174.1355040168764,City_9,10,1
C,Flight,4,4,113.81932313908736,7,low,M,11,3428.858512371819,City_26,14,1
A,Flight,4,1,225.6272368833423,4,low,M,7,2545.3345890124565,City_28,8,1
B,Flight,4,5,69.7956825674658,6,low,M,10,4268.424554915941,City_37,20,0
A,Road,3,5,319.0665967288987,8,high,M,9,4630.927514342926,City_25,16,0
A,Road,4,4,595.9912571862258,9,low,M,4,4766.8083853935195,City_8,23,0
C,Ship,3,2,132.4171227982027,6,medium,M,7,2568.413740284615,City_48,6,0
F,Flight,4,1,64.94385799076493,3,critical,M,3,4374.976246463031,City_41,6,1
A,Ship,6,2,220.63327280778645,8,medium,M,5,4411.982368008708,City_8,20,1
B,Ship,6,2,210.66256688028443,7,low,F,7,4614.771709575928,City_42,0,0
D,Ship,3,1,185.21417682086278,7,high,F,7,3227.271213431499,City_49,7,0
A,nan,6,1,123.26507992176327,2,low,F,3,1494.6962691557997,City_23,4,0
A,Flight,3,5,33.52340712346839,8,medium,F,4,4706.478904003381,City_41,18,0
C,Road,6,5,149.6061089594236,9,high,F,8,3854.1703650970594,City_13,7,0
F,Ship,6,1,222.48850457106002,3,medium,F,11,4280.241105709688,City_21,16,1
D,Ship,3,3,101.81082590690758,2,medium,F,6,3905.3929632101726,City_3,18,1
B,Road,5,5,330.8121154574208,2,low,M,6,4234.502247026879,City_31,11,0
D,Road,6,3,185.60152336376976,9,low,M,11,4737.119294189255,City_31,22,0
B,nan,4,1,138.49373899059879,6,medium,F,5,2142.9782904576077,City_37,14,1
F,Flight,5,5,47.39022912153796,7,low,M,17,5141.02027623928,City_22,3,1
B,Flight,3,2,146.9746392059769,2,critical,M,3,3817.857504329579,City_46,22,1
C,Road,5,1,75.93061600386922,4,high,M,12,5627.074268475999,City_18,11,0
C,Ship,2,4,268.9666471866584,4,high,M,9,3540.544584614817,City_22,12,1
C,Flight,2,3,194.06337157787206,7,medium,M,24,3318.402187412588,City_30,13,0
C,Flight,6,1,86.20805806154438,4,medium,F,4,3851.6605922090826,City_46,4,0
D,Flight,6,1,63.51787924989538,9,high,M,2,4499.987040931843,City_12,21,1
F,Road,4,5,67.6166914658234,6,high,F,13,3725.647448336955,City_19,15,1
B,Flight,5,5,29.0594325800014,3,medium,F,3,4572.513287625523,City_29,6,1
B,Ship,2,5,328.6933844859694,5,low,F,10,3612.874094940449,Tokyo,14,0
C,Flight,6,4,222.89308765014684,2,low,M,13,4034.8922180111035,City_8,12,1
C,Ship,5,5,49.681208957057976,5,medium,F,8,6236.552949044704,City_33,15,1
A,Flight,6,1,306.8332389774056,3,medium,F,8,4357.266863532556,City_20,11,0
F,Ship,6,5,122.18138657857192,3,high,F,9,4437.496226925976,City_2,6,1
D,Flight,2,2,106.0006764443887,9,low,F,11,2527.4300128110226,City_18,15,1
B,Road,2,5,86.67331229165382,6,low,M,9,5354.2875233449995,City_10,22,0
A,Flight,6,4,70.16511886848913,4,low,F,4,5066.465085323267,City_14,22,0
A,Ship,3,2,197.15793427910066,4,low,F,18,3285.550890708201,City_9,12,0
B,Road,6,1,343.58372696121205,9,low,F,7,5046.725934371737,City_1,22,0
D,Road,6,1,353.7854723632442,3,medium,F,9,4329.801227340021,City_11,2,0
A,Ship,4,3,100.43505141074034,6,medium,M,10,4046.415898606572,City_16,14,1
A,Ship,4,2,36.66280129531831,6,medium,F,13,5290.955646275,City_16,2,1
F,Ship,4,3,246.13623643088837,7,low,F,12,3487.7014269292704,City_48,6,0
D,Road,3,2,171.68704739825012,8,low,F,7,3277.6449443201495,City_6,17,1
A,nan,3,2,430.3984455037809,2,medium,F,7,4207.563320337005,City_12,13,1
D,Road,6,4,365.5864335422796,9,high,F,9,4528.228814537631,City_40,17,0
B,Ship,4,3,172.8177526464889,8,low,F,12,4966.315886693836,City_41,18,0
C,Road,3,4,519.87320857878,9,high,M,4,3849.047048253395,City_9,13,0
A,Ship,2,2,208.03300762801905,4,low,F,10,3150.2288834093515,City_31,19,1
F,Flight,6,1,139.45253096748706,3,high,M,4,6528.567717964928,City_10,5,0
B,Ship,5,2,23.145683724825936,9,high,M,18,2913.4054389610374,Unknown,7,1
D,nan,6,4,71.58243608890005,9,low,F,8,4055.1181232895287,London,6,1
B,Flight,5,3,144.62646085731905,7,medium,M,6,4779.705524547612,City_46,19,1
A,Road,4,3,129.35536296700494,5,low,F,9,5151.122615037835,City_22,17,1
D,Flight,5,4,227.00529884039625,4,high,M,7,3432.839821252282,City_35,17,0
C,Ship,4,3,105.8045693529746,2,medium,F,6,2125.0823055922965,City_48,14,1
B,Flight,2,5,318.13305701037,6,medium,M,2,3409.734826537329,City_21,19,0
A,Ship,5,1,230.60392626554912,3,medium,M,4,4861.322510213885,City_25,21,1
F,Road,6,1,331.2231210610314,4,high,F,6,4637.496481495238,City_35,18,0
D,Ship,4,1,181.55704030790446,5,low,M,3,4670.122358888075,City_30,21,0
B,Road,6,3,361.76281345419244,9,medium,M,5,4711.664086074374,City_41,20,0
B,Road,3,3,115.8534153510151,2,low,M,5,5340.084232680509,City_37,20,1
C,nan,4,2,121.51860491559515,9,low,M,5,3224.1115547052086,New York,1,1
C,Flight,5,2,148.31397807151623,2,medium,M,10,2802.1020042723962,City_44,7,1
F,Ship,4,1,405.90324611543355,7,low,F,4,4370.480245263756,City_23,20,0
F,Flight,6,5,70.64385275399525,9,low,M,7,2951.4753104318106,New York,10,1
A,nan,2,2,181.43634814978952,4,high,M,6,2739.084650514995,City_2,17,1
A,nan,4,2,220.3007639557461,5,low,F,6,5223.9599099071365,City_10,22,1
F,Ship,5,3,125.34770305218402,2,medium,F,16,4250.359817075813,City_22,12,0
F,Road,3,5,50.25989974393816,3,low,F,8,4028.4931490450863,City_16,8,1
D,Ship,2,1,242.394629012932,2,low,M,8,4049.273996765315,City_12,8,1
C,Road,3,2,27.674543753013925,5,low,M,5,3893.860990175335,City_16,16,0
A,Flight,4,5,212.43595556049914,6,medium,M,10,5217.240645326574,City_35,6,0
C,Road,6,5,311.21953820934027,6,medium,M,9,2485.384094804216,City_6,8,0
C,Flight,6,1,169.41442591621322,7,low,F,9,2443.9764187995816,City_13,21,0
F,Road,5,5,326.435179643036,4,low,F,4,3063.618481412091,City_19,0,0
D,Road,6,5,182.34987204635712,5,high,M,5,4289.161647739952,City_44,1,0
B,Road,2,5,212.17771526518922,7,low,M,15,5805.343739878488,Unknown,3,1
D,Flight,6,2,150.91103488396556,8,high,M,5,4869.083991505273,City_28,13,1
D,Ship,5,1,381.8826334267022,2,low,M,16,4592.4427142240975,City_33,3,0
C,Flight,4,5,214.0675313305187,8,medium,F,5,3920.133068715474,City_4,1,1
D,Ship,4,5,81.26020636378716,2,low,F,7,2667.4700860040693,City_41,7,0
A,Flight,6,2,404.8950187088219,6,high,M,6,4514.989824087164,City_1,17,1
C,nan,3,1,530.3107197283231,7,medium,F,4,6025.967065835132,City_31,18,0
A,Ship,4,3,137.80174286091557,6,medium,M,4,3759.942344491471,City_41,13,0
B,Ship,6,2,360.9360415473644,3,low,M,5,3439.326635246067,City_46,19,1
C,Ship,5,1,101.41816544575897,8,medium,F,7,3764.756803609707,City_46,9,1
B,Ship,6,5,276.1579974771575,8,medium,M,11,4599.75113849242,City_9,16,1
C,Road,4,1,528.7815861738967,6,low,F,7,4111.730185251932,City_36,7,1
F,Ship,5,1,560.1451965717578,3,low,M,7,4910.014111114721,City_18,13,1
D,nan,6,1,215.98906946076605,2,high,F,13,3966.549125750175,City_20,20,1
F,Ship,2,3,231.363827648498,7,low,M,7,3758.988370354219,City_20,22,1
B,nan,5,1,129.99303016863323,3,medium,F,5,4229.005979954246,City_40,7,1
D,Road,2,3,108.37864346037802,7,medium,M,4,3460.3478231693216,City_20,4,0
C,Flight,3,5,131.050703873506,8,high,M,13,5740.764941444639,City_4,15,1
D,nan,5,3,79.82152907545682,7,high,F,6,4823.114398116615,City_11,7,1
A,Flight,2,5,221.65473189725677,8,critical,M,5,2900.301412594338,City_47,9,0
D,Road,4,5,158.74378802592528,3,low,F,5,3254.2408284658613,City_8,7,0
A,Ship,4,3,144.76649192576576,8,high,F,13,4565.337005166104,London,8,0
D,Road,3,2,388.845608562281,9,low,M,5,4183.317545996414,City_42,17,0
A,Road,5,4,68.28660275826948,4,medium,M,12,4302.511709348074,City_7,2,1
B,Road,5,1,104.68442130275595,8,medium,M,6,3807.872529383858,City_21,16,1
F,Road,5,4,118.94490275902407,6,low,M,4,4455.173036525433,City_3,19,0
C,Ship,3,1,378.38277511100154,3,high,F,6,3831.3941314962917,City_1,14,0
D,Flight,5,1,172.59823172016254,9,low,M,7,4563.379543409591,City_42,20,1
F,Ship,4,5,303.580573392909,2,medium,M,6,4773.028231250898,City_4,16,1
C,Flight,2,1,216.83481180480123,7,medium,M,6,5606.74033663816,City_48,7,1
C,Road,4,1,196.17892217740544,9,medium,F,6,3485.30075705404,City_3,1,1
A,Ship,4,3,252.5808067812395,5,low,M,4,3988.881368174459,City_16,16,0
B,nan,2,4,246.0764919381905,9,medium,F,7,2781.0185891038327,City_17,17,1
B,Road,4,3,34.99928006400455,3,high,M,9,5826.261417039093,City_1,4,0
F,Road,3,1,353.8971009884097,9,low,F,3,2024.5120427961588,City_42,8,0
B,Flight,2,5,638.0633340369596,9,medium,M,14,5682.86938853181,City_3,8,0
D,Road,4,3,111.64337024205683,6,low,M,1,4093.4695822911413,City_21,1,1
B,nan,6,3,316.5031780160484,8,medium,F,7,4418.427930486647,City_18,1,0
F,Ship,4,2,105.87807549123953,7,high,M,9,3834.330906270349,City_23,18,1
B,Road,3,1,86.37041646260693,4,medium,M,5,4031.100658113292,City_11,22,0
D,Road,5,5,225.81407497607097,2,medium,M,2,4588.084599744503,City_14,2,1
A,Flight,4,3,100.36606048928898,4,medium,F,7,2363.3525381787417,City_1,16,0
F,Ship,5,3,177.89917194785906,9,medium,M,8,3347.873762906097,City_37,13,0
A,Ship,6,5,469.0102338134924,5,low,F,4,3154.942716191342,City_34,13,1
A,Flight,4,1,374.99912661578514,3,low,F,4,4447.404783535817,City_1,13,1
A,Ship,2,2,255.37779460575135,7,medium,F,11,4004.366198403852,City_22,5,0
C,Flight,5,3,124.99911113193617,3,medium,M,7,4618.095840428808,City_13,2,0
C,Flight,6,2,5000.0,6,medium,F,3,4164.775004181356,City_14,0,1
A,Flight,2,4,5000.0,3,low,F,9,5058.588835815996,City_38,15,0
F,nan,2,1,5000.0,2,low,M,4,3259.7257089912464,City_33,3,1
D,Ship,2,4,5000.0,5,low,F,5,4058.1557798502376,City_34,0,1
D,nan,2,4,5000.0,4,high,F,8,5109.363414002513,City_1,16,0
B,Ship,4,4,5000.0,9,medium,M,7,4909.326048020673,City_0,17,1
F,Ship,4,1,5000.0,9,low,M,6,2520.3554435499123,City_19,7,0
C,Ship,4,1,5000.0,5,low,F,5,2978.8892110152788,City_35,1,1
A,Ship,6,5,5000.0,7,critical,M,6,3918.209061295216,City_7,17,1
B,Flight,6,2,5000.0,3,low,M,5,3765.1633272587233,City_33,15,0
D,Road,6,2,5000.0,7,high,M,12,3934.573271448085,City_34,9,1
C,Flight,3,5,58.42943542188161,4,low,F,3,4796.190300251847,City_16,7,0
C,Road,6,5,170.42907031542092,7,high,F,6,4289.3830050020715,City_43,11,1
A,Road,4,4,41.647751793402534,6,high,M,3,4347.69090301923,City_11,21,1
D,Flight,4,5,15.851283368687907,5,medium,F,11,4670.613568603425,City_42,15,1
F,Flight,3,3,46.97536859035915,4,low,M,6,5074.1742051455585,City_16,11,1
C,Road,3,2,82.29954457341142,4,low,M,4,943.9878385350526,City_28,10,0
A,Ship,6,5,61.604198034169045,8,medium,M,10,3613.3735517619466,City_2,19,1
F,Flight,5,3,239.60992306327475,4,medium,M,2,3117.0322127402997,City_43,18,1
D,nan,3,3,98.92806112992734,8,low,M,8,4475.316135894853,City_39,0,1
C,Flight,2,3,107.84935273655871,2,low,F,13,3537.8960444153445,City_12,2,0
F,Road,4,3,361.4781917491616,9,medium,F,8,4075.861616915122,City_18,11,0
F,nan,2,4,742.1789649652001,8,medium,F,5,4852.143076402508,City_48,8,0
F,Flight,4,3,527.6668776592243,5,low,F,3,3397.01406122184,City_36,20,0
C,Flight,4,4,25.53048538741665,7,low,M,12,4362.815672712219,London,21,1
C,Flight,3,4,521.361233361552,8,critical,M,11,5553.827823160428,London,4,1
B,Ship,3,3,186.42255935937558,4,medium,F,5,4831.61545987158,City_21,0,1
D,Flight,2,2,114.94322818944556,5,medium,F,5,2414.222643320022,City_8,9,0
A,Road,4,3,509.3357916108557,8,medium,M,13,3708.2532987238988,City_42,16,0
F,Flight,2,3,224.72332216076768,8,low,M,9,4355.816335276996,City_33,3,1
B,Ship,5,3,143.06269333057384,4,low,M,3,4552.783856221929,City_47,14,1
A,nan,2,2,156.90340272534254,6,low,F,6,3747.650961712754,City_47,18,1
B,Road,6,1,96.8475099890793,6,high,M,6,3360.2111090104668,City_6,7,0
C,Road,2,1,52.73925060533151,8,medium,M,8,4067.7629348489686,City_26,22,1
F,Ship,6,4,146.29052976739814,6,low,F,7,2913.1152961050557,City_22,14,1
A,Road,6,4,257.55344721897137,3,critical,F,5,5099.734266044518,City_49,6,0
A,Ship,6,2,130.87987084455622,4,low,F,8,5868.680973948168,City_22,14,0
A,Ship,5,5,166.5948595085369,3,critical,M,5,4394.693968450124,City_40,7,1
A,Flight,2,1,103.55786018846204,5,critical,M,40,3767.561446470886,City_19,22,0
A,Road,2,4,99.47985393205633,3,low,F,7,4940.900999913646,Tokyo,9,1
B,Ship,5,1,284.65219228158577,5,low,M,7,4771.929224358673,City_20,17,1
F,Flight,4,2,166.34672678694972,8,medium,M,18,3724.459253894576,City_30,3,1
C,Ship,3,2,356.2846699881069,5,medium,M,3,3952.1564306502464,City_44,14,1
C,Ship,2,5,132.95751114063378,5,medium,F,6,3390.4656608719038,Paris,10,0
C,Road,3,5,142.3817779137334,7,critical,F,4,4164.68482493597,New York,21,0
C,Road,5,2,600.1282848818702,3,medium,M,10,4298.909140045248,City_11,2,0
B,Road,4,4,208.33237210592065,7,low,M,5,3219.8673457293044,City_1,14,1
D,Flight,4,1,64.55313342098133,8,low,M,9,2925.323658372103,City_42,2,1
F,Ship,4,3,144.24893568979306,4,medium,M,9,2673.984587965934,Unknown,14,1
A,Ship,5,5,331.0920117734669,3,low,F,10,4416.534662612043,City_13,5,0
D,Flight,6,3,37.8632846193031,4,medium,F,9,3988.517430379894,City_33,0,0
C,Flight,6,4,367.68478181035846,4,low,M,6,3916.425853145173,City_40,13,1
D,Road,3,5,118.8955709027056,5,low,M,3,4464.525922344333,City_28,15,0
F,Flight,6,3,203.75525323232074,9,low,F,12,3099.0380243116233,City_29,0,0
A,Ship,6,4,137.75963581462102,3,medium,M,14,2929.7472648288067,City_43,20,0
A,Flight,4,1,52.30466452566572,4,low,F,4,4241.081918968858,City_10,16,0
F,Flight,4,4,354.0239462106151,9,medium,M,10,2271.3210404194433,City_34,7,1
F,Flight,3,5,113.75890606771068,6,medium,F,4,3741.0154690657755,City_44,17,0
C,nan,2,2,43.79639502582219,4,medium,M,8,6466.446372577879,City_41,15,1
A,Road,3,1,204.389747916799,6,medium,M,9,2651.462537147476,City_33,5,0
D,nan,3,3,99.2194967162806,3,low,F,5,3570.2576400692765,City_21,9,1
B,Ship,5,5,31.36312496863824,8,medium,F,7,1877.1071963102318,City_35,9,1
B,Flight,5,2,203.21533892137575,7,low,M,11,3766.271941777856,City_32,4,0
F,Ship,3,4,45.33597080354451,3,medium,M,6,5966.53642826531,City_44,11,1
C,Ship,3,2,226.8757514979662,7,low,F,5,4466.917436790401,City_44,19,1
B,Road,3,5,375.3272935212062,7,medium,F,4,3386.220690879025,City_19,16,0
A,Flight,6,5,215.0209472610103,3,high,M,6,6181.4106452710985,City_20,13,1
F,Ship,5,2,92.13952109737777,4,medium,M,4,2257.64739048159,City_8,13,0
D,Flight,3,4,36.907308832653136,2,medium,F,6,4453.943159757019,City_8,2,1
F,Ship,4,2,339.9896874249138,4,medium,F,5,4064.912787092937,City_8,11,0
D,Road,4,5,244.96367978055358,4,low,F,11,3752.9753190895835,City_19,19,0
F,Ship,6,5,126.58036900464917,8,high,F,7,4807.091473728845,City_30,17,0
F,Ship,6,3,148.2880306207397,5,low,F,26,2818.0205917246994,Tokyo,11,0
F,Ship,2,3,228.43269990859798,5,critical,M,2,4312.622633872329,City_41,1,0
D,Ship,2,1,90.20615425191389,4,medium,M,8,4185.658322764516,City_9,1,1
D,Road,2,5,352.8835483924156,6,medium,F,5,3128.987336886287,City_26,16,1
F,Road,6,3,164.36191224430732,8,medium,M,4,5949.995580417318,City_12,9,0
B,nan,6,2,62.77136532390393,7,medium,M,7,3818.162736638361,City_8,17,1
C,Road,6,4,196.11028158841037,9,medium,F,7,3861.349627805292,New York,21,1
C,Ship,4,2,560.4225133241322,5,low,M,12,2972.322824704258,City_36,18,1
C,Road,6,4,100.10484005356122,4,medium,M,7,3836.659548883618,City_14,20,0
D,Ship,4,3,138.38058568993756,8,medium,M,5,6334.754606818984,City_4,0,0
D,Flight,2,1,175.0971118671588,2,high,F,8,3747.288140028415,City_4,23,1
B,Road,2,2,476.74261917165006,6,medium,F,6,4518.701943013643,City_18,3,0
C,Flight,2,2,397.8111964996087,3,low,M,4,4950.547731993513,City_28,3,0
C,nan,3,2,354.60920631737935,4,low,M,6,3818.5976888599043,City_22,1,1
F,Ship,3,4,293.6459130525321,8,medium,M,8,3590.4096977162,City_21,18,0
D,Road,5,3,120.50317896656895,4,low,M,7,4472.263881226173,City_34,20,0
C,Road,5,2,51.96342654589774,9,low,M,8,3758.7416311156,New York,11,0
B,Road,5,2,176.1707799091647,7,high,M,5,3668.154927213736,City_27,9,0
B,Road,3,1,63.495021604423954,6,medium,F,8,4939.889894259462,Tokyo,12,0
C,Road,3,1,158.7456248485891,5,medium,M,7,3930.57691308695,City_1,21,1
D,Flight,5,3,238.41624387106455,5,low,M,7,5213.23983826474,City_3,22,0
B,Ship,5,3,328.12493536938666,5,medium,F,7,3908.073311756878,City_10,19,0
F,Flight,6,5,359.60486960791013,9,low,M,21,2682.8044416473094,Unknown,22,1
B,Road,5,1,328.75607511224706,3,medium,M,12,574.204647166348,City_28,14,1
A,Ship,6,5,61.32814579099202,8,low,M,8,2161.85155314731,City_17,2,0
A,Road,4,4,92.28022305526345,6,high,M,4,2334.0395337357377,City_37,22,1
D,Flight,3,5,193.31350090491978,6,medium,F,6,4266.537930827897,City_44,19,0
C,Flight,5,2,328.25874755927447,5,medium,M,16,3028.6673067858615,City_19,12,1
